feature,kind,family,used_station_count,used_stations,missing_pct_min_all_rows,missing_pct_max_all_rows,missing_pct_weighted_mean_all_rows,missing_pct_min_modeling_rows,missing_pct_max_modeling_rows,missing_pct_weighted_mean_modeling_rows,expected_nan_policy,schema_note
actual_high_lag_1d,numeric,prior actual history,9,KATL KAUS KDAL KHOU KLAX KLGA KMIA KORD KSEA,0.051,0.051,0.051,0.051,0.052,0.051,expected_nan_early_history_or_missing_prior; numeric median imputer handles,
actual_high_lag_2d,numeric,prior actual history,9,KATL KAUS KDAL KHOU KLAX KLGA KMIA KORD KSEA,0.102,0.102,0.102,0.102,0.103,0.102,expected_nan_early_history_or_missing_prior; numeric median imputer handles,
actual_high_lag_3d,numeric,prior actual history,9,KATL KAUS KDAL KHOU KLAX KLGA KMIA KORD KSEA,0.153,0.153,0.153,0.153,0.155,0.154,expected_nan_early_history_or_missing_prior; numeric median imputer handles,
actual_high_roll_14d_max,numeric,prior actual history,9,KATL KAUS KDAL KHOU KLAX KLGA KMIA KORD KSEA,0.051,0.051,0.051,0.051,0.052,0.051,expected_nan_early_history_or_missing_prior; numeric median imputer handles,
actual_high_roll_14d_mean,numeric,prior actual history,9,KATL KAUS KDAL KHOU KLAX KLGA KMIA KORD KSEA,0.051,0.051,0.051,0.051,0.052,0.051,expected_nan_early_history_or_missing_prior; numeric median imputer handles,
actual_high_roll_14d_min,numeric,prior actual history,9,KATL KAUS KDAL KHOU KLAX KLGA KMIA KORD KSEA,0.051,0.051,0.051,0.051,0.052,0.051,expected_nan_early_history_or_missing_prior; numeric median imputer handles,
actual_high_roll_14d_std,numeric,prior actual history,9,KATL KAUS KDAL KHOU KLAX KLGA KMIA KORD KSEA,0.102,0.102,0.102,0.102,0.103,0.102,expected_nan_early_history_or_missing_prior; numeric median imputer handles,
actual_high_roll_30d_max,numeric,prior actual history,9,KATL KAUS KDAL KHOU KLAX KLGA KMIA KORD KSEA,0.051,0.051,0.051,0.051,0.052,0.051,expected_nan_early_history_or_missing_prior; numeric median imputer handles,
actual_high_roll_30d_mean,numeric,prior actual history,9,KATL KAUS KDAL KHOU KLAX KLGA KMIA KORD KSEA,0.051,0.051,0.051,0.051,0.052,0.051,expected_nan_early_history_or_missing_prior; numeric median imputer handles,
actual_high_roll_30d_min,numeric,prior actual history,9,KATL KAUS KDAL KHOU KLAX KLGA KMIA KORD KSEA,0.051,0.051,0.051,0.051,0.052,0.051,expected_nan_early_history_or_missing_prior; numeric median imputer handles,
actual_high_roll_30d_std,numeric,prior actual history,9,KATL KAUS KDAL KHOU KLAX KLGA KMIA KORD KSEA,0.102,0.102,0.102,0.102,0.103,0.102,expected_nan_early_history_or_missing_prior; numeric median imputer handles,
actual_high_roll_3d_max,numeric,prior actual history,9,KATL KAUS KDAL KHOU KLAX KLGA KMIA KORD KSEA,0.051,0.051,0.051,0.051,0.052,0.051,expected_nan_early_history_or_missing_prior; numeric median imputer handles,
actual_high_roll_3d_mean,numeric,prior actual history,9,KATL KAUS KDAL KHOU KLAX KLGA KMIA KORD KSEA,0.051,0.051,0.051,0.051,0.052,0.051,expected_nan_early_history_or_missing_prior; numeric median imputer handles,
actual_high_roll_3d_min,numeric,prior actual history,9,KATL KAUS KDAL KHOU KLAX KLGA KMIA KORD KSEA,0.051,0.051,0.051,0.051,0.052,0.051,expected_nan_early_history_or_missing_prior; numeric median imputer handles,
actual_high_roll_3d_std,numeric,prior actual history,9,KATL KAUS KDAL KHOU KLAX KLGA KMIA KORD KSEA,0.102,0.102,0.102,0.102,0.103,0.102,expected_nan_early_history_or_missing_prior; numeric median imputer handles,
actual_high_roll_7d_max,numeric,prior actual history,9,KATL KAUS KDAL KHOU KLAX KLGA KMIA KORD KSEA,0.051,0.051,0.051,0.051,0.052,0.051,expected_nan_early_history_or_missing_prior; numeric median imputer handles,
actual_high_roll_7d_mean,numeric,prior actual history,9,KATL KAUS KDAL KHOU KLAX KLGA KMIA KORD KSEA,0.051,0.051,0.051,0.051,0.052,0.051,expected_nan_early_history_or_missing_prior; numeric median imputer handles,
actual_high_roll_7d_min,numeric,prior actual history,9,KATL KAUS KDAL KHOU KLAX KLGA KMIA KORD KSEA,0.051,0.051,0.051,0.051,0.052,0.051,expected_nan_early_history_or_missing_prior; numeric median imputer handles,
actual_high_roll_7d_std,numeric,prior actual history,9,KATL KAUS KDAL KHOU KLAX KLGA KMIA KORD KSEA,0.102,0.102,0.102,0.102,0.103,0.102,expected_nan_early_history_or_missing_prior; numeric median imputer handles,
actual_high_trend_1d,numeric,other numeric,9,KATL KAUS KDAL KHOU KLAX KLGA KMIA KORD KSEA,0.102,0.102,0.102,0.102,0.103,0.102,may_be_null; numeric median imputer handles,
actual_high_trend_3d,numeric,other numeric,9,KATL KAUS KDAL KHOU KLAX KLGA KMIA KORD KSEA,0.204,0.204,0.204,0.204,0.207,0.205,may_be_null; numeric median imputer handles,
climatology_high_10y_count,numeric,v9/v11 climatology,9,KATL KAUS KDAL KHOU KLAX KLGA KMIA KORD KSEA,0.0,0.0,0.0,0.0,0.0,0.0,should_be_present_after_normals_join; investigate if high missingness,
climatology_high_10y_f,numeric,v9/v11 climatology,9,KATL KAUS KDAL KHOU KLAX KLGA KMIA KORD KSEA,0.0,0.0,0.0,0.0,0.0,0.0,should_be_present_after_normals_join; investigate if high missingness,
climatology_high_10y_std_f,numeric,v9/v11 climatology,9,KATL KAUS KDAL KHOU KLAX KLGA KMIA KORD KSEA,0.0,0.0,0.0,0.0,0.0,0.0,should_be_present_after_normals_join; investigate if high missingness,
day_of_week,categorical,calendar/categorical,9,KATL KAUS KDAL KHOU KLAX KLGA KMIA KORD KSEA,0.0,0.0,0.0,0.0,0.0,0.0,"may_be_null; categorical imputer fills ""missing""",
day_of_year,numeric,calendar,9,KATL KAUS KDAL KHOU KLAX KLGA KMIA KORD KSEA,0.0,0.0,0.0,0.0,0.0,0.0,observed_non_null_in_v11_artifacts; still build column defensively,
day_of_year_cos,numeric,calendar,9,KATL KAUS KDAL KHOU KLAX KLGA KMIA KORD KSEA,0.0,0.0,0.0,0.0,0.0,0.0,observed_non_null_in_v11_artifacts; still build column defensively,
day_of_year_sin,numeric,calendar,9,KATL KAUS KDAL KHOU KLAX KLGA KMIA KORD KSEA,0.0,0.0,0.0,0.0,0.0,0.0,observed_non_null_in_v11_artifacts; still build column defensively,
gfs_abs_error_lag_1d_f,numeric,provider historical error/bias,9,KATL KAUS KDAL KHOU KLAX KLGA KMIA KORD KSEA,0.051,0.305,0.198,0.051,0.205,0.131,expected_nan_early_history_or_missing_prior; numeric median imputer handles,
gfs_error_lag_1d_f,numeric,provider historical error/bias,9,KATL KAUS KDAL KHOU KLAX KLGA KMIA KORD KSEA,0.051,0.305,0.198,0.051,0.205,0.131,expected_nan_early_history_or_missing_prior; numeric median imputer handles,
gfs_forecast_hour_max,numeric,provider forecast/raw,9,KATL KAUS KDAL KHOU KLAX KLGA KMIA KORD KSEA,0.0,0.255,0.147,0.0,0.0,0.0,observed_non_null_in_v11_artifacts; still build column defensively,
gfs_forecast_hour_min,numeric,provider forecast/raw,9,KATL KAUS KDAL KHOU KLAX KLGA KMIA KORD KSEA,0.0,0.255,0.147,0.0,0.0,0.0,observed_non_null_in_v11_artifacts; still build column defensively,
gfs_forecast_lead_hours,numeric,provider forecast/raw,9,KATL KAUS KDAL KHOU KLAX KLGA KMIA KORD KSEA,0.0,0.255,0.147,0.0,0.0,0.0,observed_non_null_in_v11_artifacts; still build column defensively,
gfs_high_f,numeric,provider forecast/raw,9,KATL KAUS KDAL KHOU KLAX KLGA KMIA KORD KSEA,0.0,0.255,0.147,0.0,0.0,0.0,required_live_non_null; fail closed if missing,
gfs_high_minus_observed_high_temp_f,numeric,provider-observation delta,9,KATL KAUS KDAL KHOU KLAX KLGA KMIA KORD KSEA,0.0,0.255,0.147,0.0,0.0,0.0,observed_non_null_in_v11_artifacts; still build column defensively,
gfs_high_minus_observed_temp_f,numeric,provider-observation delta,9,KATL KAUS KDAL KHOU KLAX KLGA KMIA KORD KSEA,0.0,0.255,0.147,0.0,0.0,0.0,observed_non_null_in_v11_artifacts; still build column defensively,
gfs_high_plus_prior_month_bias_f,numeric,provider historical error/bias,9,KATL KAUS KDAL KHOU KLAX KLGA KMIA KORD KSEA,1.222,1.477,1.369,1.08,1.239,1.207,expected_nan_early_history_or_missing_prior; numeric median imputer handles,
gfs_high_plus_rolling_bias_14d_f,numeric,provider historical error/bias,9,KATL KAUS KDAL KHOU KLAX KLGA KMIA KORD KSEA,0.153,0.407,0.3,0.153,0.155,0.154,expected_nan_early_history_or_missing_prior; numeric median imputer handles,
gfs_high_plus_rolling_bias_30d_f,numeric,provider historical error/bias,9,KATL KAUS KDAL KHOU KLAX KLGA KMIA KORD KSEA,0.255,0.509,0.402,0.255,0.258,0.256,expected_nan_early_history_or_missing_prior; numeric median imputer handles,
gfs_high_plus_rolling_bias_7d_f,numeric,provider historical error/bias,9,KATL KAUS KDAL KHOU KLAX KLGA KMIA KORD KSEA,0.102,0.356,0.249,0.102,0.103,0.102,expected_nan_early_history_or_missing_prior; numeric median imputer handles,
gfs_hrrr_high_f_abs_diff_f,numeric,provider cross-model delta,9,KATL KAUS KDAL KHOU KLAX KLGA KMIA KORD KSEA,0.0,0.255,0.147,0.0,0.0,0.0,observed_non_null_in_v11_artifacts; still build column defensively,
gfs_hrrr_high_f_diff_f,numeric,provider cross-model delta,9,KATL KAUS KDAL KHOU KLAX KLGA KMIA KORD KSEA,0.0,0.255,0.147,0.0,0.0,0.0,observed_non_null_in_v11_artifacts; still build column defensively,
gfs_is_coldest,numeric,provider forecast/raw,9,KATL KAUS KDAL KHOU KLAX KLGA KMIA KORD KSEA,0.0,0.0,0.0,0.0,0.0,0.0,observed_non_null_in_v11_artifacts; still build column defensively,
gfs_is_warmest,numeric,provider forecast/raw,9,KATL KAUS KDAL KHOU KLAX KLGA KMIA KORD KSEA,0.0,0.0,0.0,0.0,0.0,0.0,observed_non_null_in_v11_artifacts; still build column defensively,
gfs_issue_hour_local,numeric,provider forecast/raw,9,KATL KAUS KDAL KHOU KLAX KLGA KMIA KORD KSEA,0.0,0.255,0.147,0.0,0.0,0.0,observed_non_null_in_v11_artifacts; still build column defensively,
gfs_minus_actual_high_lag_1d_f,numeric,provider historical error/bias,9,KATL KAUS KDAL KHOU KLAX KLGA KMIA KORD KSEA,0.051,0.305,0.198,0.051,0.052,0.051,expected_nan_early_history_or_missing_prior; numeric median imputer handles,
gfs_minus_actual_high_roll_30d_mean_f,numeric,provider historical error/bias,9,KATL KAUS KDAL KHOU KLAX KLGA KMIA KORD KSEA,0.051,0.305,0.198,0.051,0.052,0.051,expected_nan_early_history_or_missing_prior; numeric median imputer handles,
gfs_minus_actual_high_roll_7d_mean_f,numeric,provider historical error/bias,9,KATL KAUS KDAL KHOU KLAX KLGA KMIA KORD KSEA,0.051,0.305,0.198,0.051,0.052,0.051,expected_nan_early_history_or_missing_prior; numeric median imputer handles,
gfs_minus_provider_mean_high_f,numeric,provider cross-model delta,9,KATL KAUS KDAL KHOU KLAX KLGA KMIA KORD KSEA,0.0,0.255,0.147,0.0,0.0,0.0,observed_non_null_in_v11_artifacts; still build column defensively,
gfs_nbm_high_f_abs_diff_f,numeric,provider cross-model delta,9,KATL KAUS KDAL KHOU KLAX KLGA KMIA KORD KSEA,0.051,0.305,0.198,0.0,0.0,0.0,observed_non_null_in_v11_artifacts; still build column defensively,
gfs_nbm_high_f_diff_f,numeric,provider cross-model delta,9,KATL KAUS KDAL KHOU KLAX KLGA KMIA KORD KSEA,0.051,0.305,0.198,0.0,0.0,0.0,observed_non_null_in_v11_artifacts; still build column defensively,
gfs_prior_month_bias_f,numeric,provider historical error/bias,9,KATL KAUS KDAL KHOU KLAX KLGA KMIA KORD KSEA,1.222,1.222,1.222,1.08,1.239,1.207,expected_nan_early_history_or_missing_prior; numeric median imputer handles,
gfs_prior_month_error_count,numeric,provider historical error/bias,9,KATL KAUS KDAL KHOU KLAX KLGA KMIA KORD KSEA,0.0,0.0,0.0,0.0,0.0,0.0,expected_nan_early_history_or_missing_prior; numeric median imputer handles,
gfs_prior_month_mae_f,numeric,provider historical error/bias,9,KATL KAUS KDAL KHOU KLAX KLGA KMIA KORD KSEA,1.222,1.222,1.222,1.08,1.239,1.207,expected_nan_early_history_or_missing_prior; numeric median imputer handles,
gfs_rank_high,numeric,provider forecast/raw,9,KATL KAUS KDAL KHOU KLAX KLGA KMIA KORD KSEA,0.0,0.255,0.147,0.0,0.0,0.0,observed_non_null_in_v11_artifacts; still build column defensively,
gfs_rolling_bias_14d_f,numeric,provider historical error/bias,9,KATL KAUS KDAL KHOU KLAX KLGA KMIA KORD KSEA,0.153,0.153,0.153,0.153,0.155,0.154,expected_nan_early_history_or_missing_prior; numeric median imputer handles,
gfs_rolling_bias_30d_f,numeric,provider historical error/bias,9,KATL KAUS KDAL KHOU KLAX KLGA KMIA KORD KSEA,0.255,0.255,0.255,0.255,0.258,0.256,expected_nan_early_history_or_missing_prior; numeric median imputer handles,
gfs_rolling_bias_7d_f,numeric,provider historical error/bias,9,KATL KAUS KDAL KHOU KLAX KLGA KMIA KORD KSEA,0.102,0.102,0.102,0.102,0.103,0.102,expected_nan_early_history_or_missing_prior; numeric median imputer handles,
gfs_rolling_mae_14d_f,numeric,provider historical error/bias,9,KATL KAUS KDAL KHOU KLAX KLGA KMIA KORD KSEA,0.153,0.153,0.153,0.153,0.155,0.154,expected_nan_early_history_or_missing_prior; numeric median imputer handles,
gfs_rolling_mae_30d_f,numeric,provider historical error/bias,9,KATL KAUS KDAL KHOU KLAX KLGA KMIA KORD KSEA,0.255,0.255,0.255,0.255,0.258,0.256,expected_nan_early_history_or_missing_prior; numeric median imputer handles,
gfs_rolling_mae_7d_f,numeric,provider historical error/bias,9,KATL KAUS KDAL KHOU KLAX KLGA KMIA KORD KSEA,0.102,0.102,0.102,0.102,0.103,0.102,expected_nan_early_history_or_missing_prior; numeric median imputer handles,
hrrr_abs_error_lag_1d_f,numeric,provider historical error/bias,9,KATL KAUS KDAL KHOU KLAX KLGA KMIA KORD KSEA,0.051,0.051,0.051,0.051,0.052,0.051,expected_nan_early_history_or_missing_prior; numeric median imputer handles,
hrrr_error_lag_1d_f,numeric,provider historical error/bias,9,KATL KAUS KDAL KHOU KLAX KLGA KMIA KORD KSEA,0.051,0.051,0.051,0.051,0.052,0.051,expected_nan_early_history_or_missing_prior; numeric median imputer handles,
hrrr_high_f,numeric,provider forecast/raw,9,KATL KAUS KDAL KHOU KLAX KLGA KMIA KORD KSEA,0.0,0.0,0.0,0.0,0.0,0.0,required_live_non_null; fail closed if missing,
hrrr_high_minus_observed_high_temp_f,numeric,provider-observation delta,9,KATL KAUS KDAL KHOU KLAX KLGA KMIA KORD KSEA,0.0,0.0,0.0,0.0,0.0,0.0,observed_non_null_in_v11_artifacts; still build column defensively,
hrrr_high_minus_observed_temp_f,numeric,provider-observation delta,9,KATL KAUS KDAL KHOU KLAX KLGA KMIA KORD KSEA,0.0,0.0,0.0,0.0,0.0,0.0,observed_non_null_in_v11_artifacts; still build column defensively,
hrrr_high_plus_prior_month_bias_f,numeric,provider historical error/bias,9,KATL KAUS KDAL KHOU KLAX KLGA KMIA KORD KSEA,1.222,1.222,1.222,1.08,1.239,1.207,expected_nan_early_history_or_missing_prior; numeric median imputer handles,
hrrr_high_plus_rolling_bias_14d_f,numeric,provider historical error/bias,9,KATL KAUS KDAL KHOU KLAX KLGA KMIA KORD KSEA,0.153,0.153,0.153,0.153,0.155,0.154,expected_nan_early_history_or_missing_prior; numeric median imputer handles,
hrrr_high_plus_rolling_bias_30d_f,numeric,provider historical error/bias,9,KATL KAUS KDAL KHOU KLAX KLGA KMIA KORD KSEA,0.255,0.255,0.255,0.255,0.258,0.256,expected_nan_early_history_or_missing_prior; numeric median imputer handles,
hrrr_high_plus_rolling_bias_7d_f,numeric,provider historical error/bias,9,KATL KAUS KDAL KHOU KLAX KLGA KMIA KORD KSEA,0.102,0.102,0.102,0.102,0.103,0.102,expected_nan_early_history_or_missing_prior; numeric median imputer handles,
hrrr_is_coldest,numeric,provider forecast/raw,9,KATL KAUS KDAL KHOU KLAX KLGA KMIA KORD KSEA,0.0,0.0,0.0,0.0,0.0,0.0,observed_non_null_in_v11_artifacts; still build column defensively,
hrrr_is_warmest,numeric,provider forecast/raw,9,KATL KAUS KDAL KHOU KLAX KLGA KMIA KORD KSEA,0.0,0.0,0.0,0.0,0.0,0.0,observed_non_null_in_v11_artifacts; still build column defensively,
hrrr_minus_actual_high_lag_1d_f,numeric,provider historical error/bias,9,KATL KAUS KDAL KHOU KLAX KLGA KMIA KORD KSEA,0.051,0.051,0.051,0.051,0.052,0.051,expected_nan_early_history_or_missing_prior; numeric median imputer handles,
hrrr_minus_actual_high_roll_30d_mean_f,numeric,provider historical error/bias,9,KATL KAUS KDAL KHOU KLAX KLGA KMIA KORD KSEA,0.051,0.051,0.051,0.051,0.052,0.051,expected_nan_early_history_or_missing_prior; numeric median imputer handles,
hrrr_minus_actual_high_roll_7d_mean_f,numeric,provider historical error/bias,9,KATL KAUS KDAL KHOU KLAX KLGA KMIA KORD KSEA,0.051,0.051,0.051,0.051,0.052,0.051,expected_nan_early_history_or_missing_prior; numeric median imputer handles,
hrrr_minus_provider_mean_high_f,numeric,provider cross-model delta,9,KATL KAUS KDAL KHOU KLAX KLGA KMIA KORD KSEA,0.0,0.0,0.0,0.0,0.0,0.0,observed_non_null_in_v11_artifacts; still build column defensively,
hrrr_nbm_high_f_abs_diff_f,numeric,provider cross-model delta,9,KATL KAUS KDAL KHOU KLAX KLGA KMIA KORD KSEA,0.051,0.051,0.051,0.0,0.0,0.0,observed_non_null_in_v11_artifacts; still build column defensively,
hrrr_nbm_high_f_diff_f,numeric,provider cross-model delta,9,KATL KAUS KDAL KHOU KLAX KLGA KMIA KORD KSEA,0.051,0.051,0.051,0.0,0.0,0.0,observed_non_null_in_v11_artifacts; still build column defensively,
hrrr_prior_month_bias_f,numeric,provider historical error/bias,9,KATL KAUS KDAL KHOU KLAX KLGA KMIA KORD KSEA,1.222,1.222,1.222,1.08,1.239,1.207,expected_nan_early_history_or_missing_prior; numeric median imputer handles,
hrrr_prior_month_error_count,numeric,provider historical error/bias,9,KATL KAUS KDAL KHOU KLAX KLGA KMIA KORD KSEA,0.0,0.0,0.0,0.0,0.0,0.0,expected_nan_early_history_or_missing_prior; numeric median imputer handles,
hrrr_prior_month_mae_f,numeric,provider historical error/bias,9,KATL KAUS KDAL KHOU KLAX KLGA KMIA KORD KSEA,1.222,1.222,1.222,1.08,1.239,1.207,expected_nan_early_history_or_missing_prior; numeric median imputer handles,
hrrr_rank_high,numeric,provider forecast/raw,9,KATL KAUS KDAL KHOU KLAX KLGA KMIA KORD KSEA,0.0,0.0,0.0,0.0,0.0,0.0,observed_non_null_in_v11_artifacts; still build column defensively,
hrrr_rolling_bias_14d_f,numeric,provider historical error/bias,9,KATL KAUS KDAL KHOU KLAX KLGA KMIA KORD KSEA,0.153,0.153,0.153,0.153,0.155,0.154,expected_nan_early_history_or_missing_prior; numeric median imputer handles,
hrrr_rolling_bias_30d_f,numeric,provider historical error/bias,9,KATL KAUS KDAL KHOU KLAX KLGA KMIA KORD KSEA,0.255,0.255,0.255,0.255,0.258,0.256,expected_nan_early_history_or_missing_prior; numeric median imputer handles,
hrrr_rolling_bias_7d_f,numeric,provider historical error/bias,9,KATL KAUS KDAL KHOU KLAX KLGA KMIA KORD KSEA,0.102,0.102,0.102,0.102,0.103,0.102,expected_nan_early_history_or_missing_prior; numeric median imputer handles,
hrrr_rolling_mae_14d_f,numeric,provider historical error/bias,9,KATL KAUS KDAL KHOU KLAX KLGA KMIA KORD KSEA,0.153,0.153,0.153,0.153,0.155,0.154,expected_nan_early_history_or_missing_prior; numeric median imputer handles,
hrrr_rolling_mae_30d_f,numeric,provider historical error/bias,9,KATL KAUS KDAL KHOU KLAX KLGA KMIA KORD KSEA,0.255,0.255,0.255,0.255,0.258,0.256,expected_nan_early_history_or_missing_prior; numeric median imputer handles,
hrrr_rolling_mae_7d_f,numeric,provider historical error/bias,9,KATL KAUS KDAL KHOU KLAX KLGA KMIA KORD KSEA,0.102,0.102,0.102,0.102,0.103,0.102,expected_nan_early_history_or_missing_prior; numeric median imputer handles,
is_weekend,numeric,other numeric,9,KATL KAUS KDAL KHOU KLAX KLGA KMIA KORD KSEA,0.0,0.0,0.0,0.0,0.0,0.0,observed_non_null_in_v11_artifacts; still build column defensively,
month,numeric,calendar,9,KATL KAUS KDAL KHOU KLAX KLGA KMIA KORD KSEA,0.0,0.0,0.0,0.0,0.0,0.0,observed_non_null_in_v11_artifacts; still build column defensively,
nbm_abs_error_lag_1d_f,numeric,provider historical error/bias,9,KATL KAUS KDAL KHOU KLAX KLGA KMIA KORD KSEA,0.102,0.102,0.102,0.102,0.103,0.102,expected_nan_early_history_or_missing_prior; numeric median imputer handles,
nbm_error_lag_1d_f,numeric,provider historical error/bias,9,KATL KAUS KDAL KHOU KLAX KLGA KMIA KORD KSEA,0.102,0.102,0.102,0.102,0.103,0.102,expected_nan_early_history_or_missing_prior; numeric median imputer handles,
nbm_forecast_hour_max,numeric,provider forecast/raw,9,KATL KAUS KDAL KHOU KLAX KLGA KMIA KORD KSEA,0.051,0.051,0.051,0.0,0.0,0.0,observed_non_null_in_v11_artifacts; still build column defensively,
nbm_forecast_hour_min,numeric,provider forecast/raw,9,KATL KAUS KDAL KHOU KLAX KLGA KMIA KORD KSEA,0.051,0.051,0.051,0.0,0.0,0.0,observed_non_null_in_v11_artifacts; still build column defensively,
nbm_forecast_lead_hours,numeric,provider forecast/raw,9,KATL KAUS KDAL KHOU KLAX KLGA KMIA KORD KSEA,0.051,0.051,0.051,0.0,0.0,0.0,observed_non_null_in_v11_artifacts; still build column defensively,
nbm_high_f,numeric,provider forecast/raw,9,KATL KAUS KDAL KHOU KLAX KLGA KMIA KORD KSEA,0.051,0.051,0.051,0.0,0.0,0.0,required_live_non_null; fail closed if missing,
nbm_high_minus_observed_high_temp_f,numeric,provider-observation delta,9,KATL KAUS KDAL KHOU KLAX KLGA KMIA KORD KSEA,0.051,0.051,0.051,0.0,0.0,0.0,observed_non_null_in_v11_artifacts; still build column defensively,
nbm_high_minus_observed_temp_f,numeric,provider-observation delta,9,KATL KAUS KDAL KHOU KLAX KLGA KMIA KORD KSEA,0.051,0.051,0.051,0.0,0.0,0.0,observed_non_null_in_v11_artifacts; still build column defensively,
nbm_high_plus_prior_month_bias_f,numeric,provider historical error/bias,9,KATL KAUS KDAL KHOU KLAX KLGA KMIA KORD KSEA,1.273,1.273,1.273,1.08,1.239,1.207,expected_nan_early_history_or_missing_prior; numeric median imputer handles,
nbm_high_plus_rolling_bias_14d_f,numeric,provider historical error/bias,9,KATL KAUS KDAL KHOU KLAX KLGA KMIA KORD KSEA,0.204,0.204,0.204,0.153,0.155,0.154,expected_nan_early_history_or_missing_prior; numeric median imputer handles,
nbm_high_plus_rolling_bias_30d_f,numeric,provider historical error/bias,9,KATL KAUS KDAL KHOU KLAX KLGA KMIA KORD KSEA,0.305,0.305,0.305,0.255,0.258,0.256,expected_nan_early_history_or_missing_prior; numeric median imputer handles,
nbm_high_plus_rolling_bias_7d_f,numeric,provider historical error/bias,9,KATL KAUS KDAL KHOU KLAX KLGA KMIA KORD KSEA,0.153,0.153,0.153,0.102,0.103,0.102,expected_nan_early_history_or_missing_prior; numeric median imputer handles,
nbm_is_coldest,numeric,provider forecast/raw,9,KATL KAUS KDAL KHOU KLAX KLGA KMIA KORD KSEA,0.0,0.0,0.0,0.0,0.0,0.0,observed_non_null_in_v11_artifacts; still build column defensively,
nbm_is_warmest,numeric,provider forecast/raw,9,KATL KAUS KDAL KHOU KLAX KLGA KMIA KORD KSEA,0.0,0.0,0.0,0.0,0.0,0.0,observed_non_null_in_v11_artifacts; still build column defensively,
nbm_minus_actual_high_lag_1d_f,numeric,provider historical error/bias,9,KATL KAUS KDAL KHOU KLAX KLGA KMIA KORD KSEA,0.102,0.102,0.102,0.051,0.052,0.051,expected_nan_early_history_or_missing_prior; numeric median imputer handles,
nbm_minus_actual_high_roll_30d_mean_f,numeric,provider historical error/bias,9,KATL KAUS KDAL KHOU KLAX KLGA KMIA KORD KSEA,0.102,0.102,0.102,0.051,0.052,0.051,expected_nan_early_history_or_missing_prior; numeric median imputer handles,
nbm_minus_actual_high_roll_7d_mean_f,numeric,provider historical error/bias,9,KATL KAUS KDAL KHOU KLAX KLGA KMIA KORD KSEA,0.102,0.102,0.102,0.051,0.052,0.051,expected_nan_early_history_or_missing_prior; numeric median imputer handles,
nbm_minus_provider_mean_high_f,numeric,provider cross-model delta,9,KATL KAUS KDAL KHOU KLAX KLGA KMIA KORD KSEA,0.051,0.051,0.051,0.0,0.0,0.0,observed_non_null_in_v11_artifacts; still build column defensively,
nbm_prior_month_bias_f,numeric,provider historical error/bias,9,KATL KAUS KDAL KHOU KLAX KLGA KMIA KORD KSEA,1.222,1.222,1.222,1.08,1.239,1.207,expected_nan_early_history_or_missing_prior; numeric median imputer handles,
nbm_prior_month_error_count,numeric,provider historical error/bias,9,KATL KAUS KDAL KHOU KLAX KLGA KMIA KORD KSEA,0.0,0.0,0.0,0.0,0.0,0.0,expected_nan_early_history_or_missing_prior; numeric median imputer handles,
nbm_prior_month_mae_f,numeric,provider historical error/bias,9,KATL KAUS KDAL KHOU KLAX KLGA KMIA KORD KSEA,1.222,1.222,1.222,1.08,1.239,1.207,expected_nan_early_history_or_missing_prior; numeric median imputer handles,
nbm_rank_high,numeric,provider forecast/raw,9,KATL KAUS KDAL KHOU KLAX KLGA KMIA KORD KSEA,0.051,0.051,0.051,0.0,0.0,0.0,observed_non_null_in_v11_artifacts; still build column defensively,
nbm_rolling_bias_14d_f,numeric,provider historical error/bias,9,KATL KAUS KDAL KHOU KLAX KLGA KMIA KORD KSEA,0.153,0.153,0.153,0.153,0.155,0.154,expected_nan_early_history_or_missing_prior; numeric median imputer handles,
nbm_rolling_bias_30d_f,numeric,provider historical error/bias,9,KATL KAUS KDAL KHOU KLAX KLGA KMIA KORD KSEA,0.255,0.255,0.255,0.255,0.258,0.256,expected_nan_early_history_or_missing_prior; numeric median imputer handles,
nbm_rolling_bias_7d_f,numeric,provider historical error/bias,9,KATL KAUS KDAL KHOU KLAX KLGA KMIA KORD KSEA,0.102,0.102,0.102,0.102,0.103,0.102,expected_nan_early_history_or_missing_prior; numeric median imputer handles,
nbm_rolling_mae_14d_f,numeric,provider historical error/bias,9,KATL KAUS KDAL KHOU KLAX KLGA KMIA KORD KSEA,0.153,0.153,0.153,0.153,0.155,0.154,expected_nan_early_history_or_missing_prior; numeric median imputer handles,
nbm_rolling_mae_30d_f,numeric,provider historical error/bias,9,KATL KAUS KDAL KHOU KLAX KLGA KMIA KORD KSEA,0.255,0.255,0.255,0.255,0.258,0.256,expected_nan_early_history_or_missing_prior; numeric median imputer handles,
nbm_rolling_mae_7d_f,numeric,provider historical error/bias,9,KATL KAUS KDAL KHOU KLAX KLGA KMIA KORD KSEA,0.102,0.102,0.102,0.102,0.103,0.102,expected_nan_early_history_or_missing_prior; numeric median imputer handles,
observed_altimeter_inhg_at_as_of,numeric,current observation,9,KATL KAUS KDAL KHOU KLAX KLGA KMIA KORD KSEA,0.0,0.153,0.04,0.0,0.153,0.04,may_be_null; numeric median imputer handles,
observed_as_of_age_minutes,numeric,current observation,9,KATL KAUS KDAL KHOU KLAX KLGA KMIA KORD KSEA,0.0,0.0,0.0,0.0,0.0,0.0,required_live_non_null; fail closed if missing,
observed_ceiling_at_as_of,numeric,current observation,9,KATL KAUS KDAL KHOU KLAX KLGA KMIA KORD KSEA,24.745,54.481,43.403,24.834,54.499,43.576,may_be_null; numeric median imputer handles,
observed_cloud_cover_at_as_of,numeric,current observation,9,KATL KAUS KDAL KHOU KLAX KLGA KMIA KORD KSEA,0.0,0.407,0.181,0.0,0.41,0.182,may_be_null; numeric median imputer handles,
observed_dewpoint_at_as_of_f,numeric,current observation,9,KATL KAUS KDAL KHOU KLAX KLGA KMIA KORD KSEA,0.0,0.0,0.0,0.0,0.0,0.0,observed_non_null_in_v11_artifacts; still build column defensively,
observed_dewpoint_depression_f,numeric,current observation,9,KATL KAUS KDAL KHOU KLAX KLGA KMIA KORD KSEA,0.0,0.0,0.0,0.0,0.0,0.0,observed_non_null_in_v11_artifacts; still build column defensively,
observed_dewpoint_minus_actual_high_roll_7d_mean_f,numeric,observation history,9,KATL KAUS KDAL KHOU KLAX KLGA KMIA KORD KSEA,0.051,0.051,0.051,0.051,0.052,0.051,expected_nan_early_history_or_missing_prior; numeric median imputer handles,
observed_heat_index_at_as_of_f,numeric,current observation,9,KATL KAUS KDAL KHOU KLAX KLGA KMIA KORD KSEA,32.892,99.338,76.081,32.755,99.334,75.949,may_be_null; numeric median imputer handles,
observed_high_so_far_change_since_9am_f,numeric,current observation trend,9,KATL KAUS KDAL KHOU KLAX KLGA KMIA KORD KSEA,0.0,0.102,0.028,0.0,0.102,0.028,may_be_null; numeric median imputer handles,
observed_high_so_far_minus_climatology_10y_f,numeric,v9/v11 climatology,9,KATL KAUS KDAL KHOU KLAX KLGA KMIA KORD KSEA,0.0,0.0,0.0,0.0,0.0,0.0,should_be_present_after_normals_join; investigate if high missingness,
observed_high_temp_minus_actual_high_lag_1d_f,numeric,observation history,9,KATL KAUS KDAL KHOU KLAX KLGA KMIA KORD KSEA,0.051,0.051,0.051,0.051,0.052,0.051,expected_nan_early_history_or_missing_prior; numeric median imputer handles,
observed_high_temp_minus_actual_high_roll_30d_mean_f,numeric,observation history,9,KATL KAUS KDAL KHOU KLAX KLGA KMIA KORD KSEA,0.051,0.051,0.051,0.051,0.052,0.051,expected_nan_early_history_or_missing_prior; numeric median imputer handles,
observed_high_temp_minus_actual_high_roll_7d_mean_f,numeric,observation history,9,KATL KAUS KDAL KHOU KLAX KLGA KMIA KORD KSEA,0.051,0.051,0.051,0.051,0.052,0.051,expected_nan_early_history_or_missing_prior; numeric median imputer handles,
observed_high_temp_minus_temp_at_as_of_f,numeric,current observation,9,KATL KAUS KDAL KHOU KLAX KLGA KMIA KORD KSEA,0.0,0.0,0.0,0.0,0.0,0.0,observed_non_null_in_v11_artifacts; still build column defensively,
observed_high_temp_through_as_of_f,numeric,current observation,9,KATL KAUS KDAL KHOU KLAX KLGA KMIA KORD KSEA,0.0,0.0,0.0,0.0,0.0,0.0,required_live_non_null; fail closed if missing,
observed_humidity_at_as_of,numeric,current observation,9,KATL KAUS KDAL KHOU KLAX KLGA KMIA KORD KSEA,0.0,0.0,0.0,0.0,0.0,0.0,observed_non_null_in_v11_artifacts; still build column defensively,
observed_is_drizzle_at_as_of,numeric,current observation,9,KATL KAUS KDAL KHOU KLAX KLGA KMIA KORD KSEA,0.0,0.0,0.0,0.0,0.0,0.0,observed_non_null_in_v11_artifacts; still build column defensively,
observed_is_fog_or_mist_at_as_of,numeric,current observation,9,KATL KAUS KDAL KHOU KLAX KLGA KMIA KORD KSEA,0.0,0.0,0.0,0.0,0.0,0.0,observed_non_null_in_v11_artifacts; still build column defensively,
observed_is_raining_at_as_of,numeric,current observation,9,KATL KAUS KDAL KHOU KLAX KLGA KMIA KORD KSEA,0.0,0.0,0.0,0.0,0.0,0.0,observed_non_null_in_v11_artifacts; still build column defensively,
observed_is_snowing_at_as_of,numeric,current observation,9,KATL KAUS KDAL KHOU KLAX KLGA KMIA KORD KSEA,0.0,0.0,0.0,0.0,0.0,0.0,observed_non_null_in_v11_artifacts; still build column defensively,
observed_is_thunder_at_as_of,numeric,current observation,9,KATL KAUS KDAL KHOU KLAX KLGA KMIA KORD KSEA,0.0,0.0,0.0,0.0,0.0,0.0,observed_non_null_in_v11_artifacts; still build column defensively,
observed_morning_warmup_rate_f_per_hour,numeric,current observation trend,9,KATL KAUS KDAL KHOU KLAX KLGA KMIA KORD KSEA,0.0,0.102,0.034,0.0,0.102,0.028,may_be_null; numeric median imputer handles,
observed_peak_wind_direction_at_as_of,numeric,current observation,9,KATL KAUS KDAL KHOU KLAX KLGA KMIA KORD KSEA,88.849,98.676,93.149,89.158,98.671,93.226,may_be_null; numeric median imputer handles,
observed_peak_wind_gust_at_as_of,numeric,current observation,9,KATL KAUS KDAL KHOU KLAX KLGA KMIA KORD KSEA,88.849,98.676,93.149,89.158,98.671,93.226,may_be_null; numeric median imputer handles,
observed_precip_intensity,categorical,current observation,9,KATL KAUS KDAL KHOU KLAX KLGA KMIA KORD KSEA,0.0,0.0,0.0,0.0,0.0,0.0,"may_be_null; categorical imputer fills ""missing""",
observed_precip_intensity_code,numeric,current observation,9,KATL KAUS KDAL KHOU KLAX KLGA KMIA KORD KSEA,0.0,0.0,0.0,0.0,0.0,0.0,observed_non_null_in_v11_artifacts; still build column defensively,
observed_precip_recent_at_as_of,numeric,current observation,9,KATL KAUS KDAL KHOU KLAX KLGA KMIA KORD KSEA,0.0,0.102,0.034,0.0,0.102,0.034,may_be_null; numeric median imputer handles,
observed_pressure_at_as_of,numeric,current observation,9,KATL KAUS KDAL KHOU KLAX KLGA KMIA KORD KSEA,0.0,0.102,0.023,0.0,0.102,0.023,may_be_null; numeric median imputer handles,
observed_sea_level_pressure_mb_at_as_of,numeric,current observation,9,KATL KAUS KDAL KHOU KLAX KLGA KMIA KORD KSEA,1.069,2.597,1.584,1.022,2.611,1.571,may_be_null; numeric median imputer handles,
observed_snow_depth_at_as_of,numeric,current observation,1,KSEA,99.949,99.949,99.949,99.949,99.949,99.949,may_be_null; numeric median imputer handles,station_specific_extra
observed_temp_at_as_of_f,numeric,current observation,9,KATL KAUS KDAL KHOU KLAX KLGA KMIA KORD KSEA,0.0,0.0,0.0,0.0,0.0,0.0,required_live_non_null; fail closed if missing,
observed_temp_change_last_1h_f,numeric,current observation trend,9,KATL KAUS KDAL KHOU KLAX KLGA KMIA KORD KSEA,0.0,0.102,0.034,0.0,0.102,0.028,may_be_null; numeric median imputer handles,
observed_temp_change_last_3h_f,numeric,current observation trend,9,KATL KAUS KDAL KHOU KLAX KLGA KMIA KORD KSEA,0.0,0.102,0.034,0.0,0.102,0.028,may_be_null; numeric median imputer handles,
observed_temp_minus_actual_high_lag_1d_f,numeric,observation history,9,KATL KAUS KDAL KHOU KLAX KLGA KMIA KORD KSEA,0.051,0.051,0.051,0.051,0.052,0.051,expected_nan_early_history_or_missing_prior; numeric median imputer handles,
observed_temp_minus_actual_high_roll_30d_mean_f,numeric,observation history,9,KATL KAUS KDAL KHOU KLAX KLGA KMIA KORD KSEA,0.051,0.051,0.051,0.051,0.052,0.051,expected_nan_early_history_or_missing_prior; numeric median imputer handles,
observed_temp_minus_actual_high_roll_7d_mean_f,numeric,observation history,9,KATL KAUS KDAL KHOU KLAX KLGA KMIA KORD KSEA,0.051,0.051,0.051,0.051,0.052,0.051,expected_nan_early_history_or_missing_prior; numeric median imputer handles,
observed_temp_minus_climatology_10y_f,numeric,v9/v11 climatology,9,KATL KAUS KDAL KHOU KLAX KLGA KMIA KORD KSEA,0.0,0.0,0.0,0.0,0.0,0.0,should_be_present_after_normals_join; investigate if high missingness,
observed_visibility_at_as_of,numeric,current observation,9,KATL KAUS KDAL KHOU KLAX KLGA KMIA KORD KSEA,0.0,0.102,0.017,0.0,0.102,0.017,may_be_null; numeric median imputer handles,
observed_weather_code_at_as_of,categorical,current observation,9,KATL KAUS KDAL KHOU KLAX KLGA KMIA KORD KSEA,83.707,95.214,89.251,83.717,95.357,89.349,"may_be_null; categorical imputer fills ""missing""",
observed_wind_chill_at_as_of_f,numeric,current observation,9,KATL KAUS KDAL KHOU KLAX KLGA KMIA KORD KSEA,57.739,99.796,81.659,58.286,99.796,81.818,may_be_null; numeric median imputer handles,
observed_wind_dir_cos,numeric,current observation,9,KATL KAUS KDAL KHOU KLAX KLGA KMIA KORD KSEA,3.208,11.253,6.845,3.221,11.247,6.865,may_be_null; numeric median imputer handles,
observed_wind_dir_sin,numeric,current observation,9,KATL KAUS KDAL KHOU KLAX KLGA KMIA KORD KSEA,3.208,11.253,6.845,3.221,11.247,6.865,may_be_null; numeric median imputer handles,
observed_wind_direction_at_as_of,numeric,current observation,9,KATL KAUS KDAL KHOU KLAX KLGA KMIA KORD KSEA,3.208,11.253,6.845,3.221,11.247,6.865,may_be_null; numeric median imputer handles,
observed_wind_gust_at_as_of,numeric,current observation,9,KATL KAUS KDAL KHOU KLAX KLGA KMIA KORD KSEA,69.807,97.047,79.933,69.995,97.035,80.008,may_be_null; numeric median imputer handles,
observed_wind_speed_at_as_of,numeric,current observation,9,KATL KAUS KDAL KHOU KLAX KLGA KMIA KORD KSEA,0.051,0.509,0.187,0.051,0.512,0.188,may_be_null; numeric median imputer handles,
provider_max_high_f,numeric,provider ensemble/climatology delta,9,KATL KAUS KDAL KHOU KLAX KLGA KMIA KORD KSEA,0.0,0.0,0.0,0.0,0.0,0.0,observed_non_null_in_v11_artifacts; still build column defensively,
provider_mean_high_f,numeric,provider ensemble/climatology delta,9,KATL KAUS KDAL KHOU KLAX KLGA KMIA KORD KSEA,0.0,0.0,0.0,0.0,0.0,0.0,observed_non_null_in_v11_artifacts; still build column defensively,
provider_mean_minus_climatology_10y_f,numeric,v9/v11 climatology,9,KATL KAUS KDAL KHOU KLAX KLGA KMIA KORD KSEA,0.0,0.0,0.0,0.0,0.0,0.0,should_be_present_after_normals_join; investigate if high missingness,
provider_median_high_f,numeric,provider ensemble/climatology delta,9,KATL KAUS KDAL KHOU KLAX KLGA KMIA KORD KSEA,0.0,0.0,0.0,0.0,0.0,0.0,observed_non_null_in_v11_artifacts; still build column defensively,
provider_min_high_f,numeric,provider ensemble/climatology delta,9,KATL KAUS KDAL KHOU KLAX KLGA KMIA KORD KSEA,0.0,0.0,0.0,0.0,0.0,0.0,observed_non_null_in_v11_artifacts; still build column defensively,
provider_spread_high_f,numeric,provider ensemble/climatology delta,9,KATL KAUS KDAL KHOU KLAX KLGA KMIA KORD KSEA,0.0,0.0,0.0,0.0,0.0,0.0,observed_non_null_in_v11_artifacts; still build column defensively,
provider_std_high_f,numeric,provider ensemble/climatology delta,9,KATL KAUS KDAL KHOU KLAX KLGA KMIA KORD KSEA,0.0,0.0,0.0,0.0,0.0,0.0,observed_non_null_in_v11_artifacts; still build column defensively,
v2_consensus_minus_7d_actual_f,numeric,v2 heat/warmup engineered,9,KATL KAUS KDAL KHOU KLAX KLGA KMIA KORD KSEA,0.051,0.051,0.051,0.051,0.052,0.051,may_be_null; numeric median imputer handles,
v2_humidity_warmup_interaction,numeric,v2 heat/warmup engineered,9,KATL KAUS KDAL KHOU KLAX KLGA KMIA KORD KSEA,0.0,0.0,0.0,0.0,0.0,0.0,observed_non_null_in_v11_artifacts; still build column defensively,
v2_morning_warmup_to_consensus_f,numeric,v2 heat/warmup engineered,9,KATL KAUS KDAL KHOU KLAX KLGA KMIA KORD KSEA,0.0,0.0,0.0,0.0,0.0,0.0,observed_non_null_in_v11_artifacts; still build column defensively,
v2_recent_heat_anomaly_f,numeric,v2 heat/warmup engineered,9,KATL KAUS KDAL KHOU KLAX KLGA KMIA KORD KSEA,0.051,0.051,0.051,0.051,0.052,0.051,may_be_null; numeric median imputer handles,
v2_recent_heat_momentum_f,numeric,v2 heat/warmup engineered,9,KATL KAUS KDAL KHOU KLAX KLGA KMIA KORD KSEA,0.051,0.051,0.051,0.051,0.052,0.051,may_be_null; numeric median imputer handles,
v2_spread_per_warmup_f,numeric,v2 heat/warmup engineered,9,KATL KAUS KDAL KHOU KLAX KLGA KMIA KORD KSEA,0.0,0.0,0.0,0.0,0.0,0.0,observed_non_null_in_v11_artifacts; still build column defensively,
v3_high_so_far_above_current_f,numeric,v3 high-so-far engineered,9,KATL KAUS KDAL KHOU KLAX KLGA KMIA KORD KSEA,0.0,0.0,0.0,0.0,0.0,0.0,observed_non_null_in_v11_artifacts; still build column defensively,
v3_high_so_far_minus_7d_actual_f,numeric,v3 high-so-far engineered,9,KATL KAUS KDAL KHOU KLAX KLGA KMIA KORD KSEA,0.051,0.051,0.051,0.051,0.052,0.051,may_be_null; numeric median imputer handles,
v3_high_so_far_minus_lag_1d_f,numeric,v3 high-so-far engineered,9,KATL KAUS KDAL KHOU KLAX KLGA KMIA KORD KSEA,0.051,0.051,0.051,0.051,0.052,0.051,may_be_null; numeric median imputer handles,
v3_humidity_remaining_warmup_interaction,numeric,v3 high-so-far engineered,9,KATL KAUS KDAL KHOU KLAX KLGA KMIA KORD KSEA,0.0,0.0,0.0,0.0,0.0,0.0,observed_non_null_in_v11_artifacts; still build column defensively,
v3_remaining_warmup_from_high_so_far_f,numeric,v3 high-so-far engineered,9,KATL KAUS KDAL KHOU KLAX KLGA KMIA KORD KSEA,0.0,0.0,0.0,0.0,0.0,0.0,observed_non_null_in_v11_artifacts; still build column defensively,
v3_remaining_warmup_per_spread_f,numeric,v3 high-so-far engineered,9,KATL KAUS KDAL KHOU KLAX KLGA KMIA KORD KSEA,0.0,0.0,0.0,0.0,0.0,0.0,observed_non_null_in_v11_artifacts; still build column defensively,
v4_all_forecast_precip,numeric,v4 precipitation engineered,9,KATL KAUS KDAL KHOU KLAX KLGA KMIA KORD KSEA,0.0,0.0,0.0,0.0,0.0,0.0,observed_non_null_in_v11_artifacts; still build column defensively,
v4_any_forecast_precip,numeric,v4 precipitation engineered,9,KATL KAUS KDAL KHOU KLAX KLGA KMIA KORD KSEA,0.0,0.0,0.0,0.0,0.0,0.0,observed_non_null_in_v11_artifacts; still build column defensively,
v4_forecast_observed_precip_match,numeric,v4 precipitation engineered,9,KATL KAUS KDAL KHOU KLAX KLGA KMIA KORD KSEA,0.0,0.0,0.0,0.0,0.0,0.0,observed_non_null_in_v11_artifacts; still build column defensively,
v4_forecast_wet_observed_dry,numeric,v4 precipitation engineered,9,KATL KAUS KDAL KHOU KLAX KLGA KMIA KORD KSEA,0.0,0.0,0.0,0.0,0.0,0.0,observed_non_null_in_v11_artifacts; still build column defensively,
v4_observed_precip_any,numeric,v4 precipitation engineered,9,KATL KAUS KDAL KHOU KLAX KLGA KMIA KORD KSEA,0.0,0.0,0.0,0.0,0.0,0.0,observed_non_null_in_v11_artifacts; still build column defensively,
v4_observed_precip_recent_mm_est,numeric,v4 precipitation engineered,9,KATL KAUS KDAL KHOU KLAX KLGA KMIA KORD KSEA,0.0,0.102,0.034,0.0,0.102,0.034,may_be_null; numeric median imputer handles,
v4_observed_wet_forecast_dry,numeric,v4 precipitation engineered,9,KATL KAUS KDAL KHOU KLAX KLGA KMIA KORD KSEA,0.0,0.0,0.0,0.0,0.0,0.0,observed_non_null_in_v11_artifacts; still build column defensively,
v8_month_remaining_warmup_count,numeric,v8 remaining-warmup engineered,9,KATL KAUS KDAL KHOU KLAX KLGA KMIA KORD KSEA,0.0,0.0,0.0,0.0,0.0,0.0,observed_non_null_in_v11_artifacts; still build column defensively,
v8_month_remaining_warmup_mean_f,numeric,v8 remaining-warmup engineered,9,KATL KAUS KDAL KHOU KLAX KLGA KMIA KORD KSEA,1.222,1.222,1.222,1.08,1.239,1.207,may_be_null; numeric median imputer handles,
v8_provider_max_remaining_from_high_so_far_f,numeric,v8 remaining-warmup engineered,9,KATL KAUS KDAL KHOU KLAX KLGA KMIA KORD KSEA,0.0,0.0,0.0,0.0,0.0,0.0,observed_non_null_in_v11_artifacts; still build column defensively,
v8_provider_mean_remaining_vs_month_normal_f,numeric,v8 remaining-warmup engineered,9,KATL KAUS KDAL KHOU KLAX KLGA KMIA KORD KSEA,1.222,1.222,1.222,1.08,1.239,1.207,may_be_null; numeric median imputer handles,
v8_provider_median_remaining_from_high_so_far_f,numeric,v8 remaining-warmup engineered,9,KATL KAUS KDAL KHOU KLAX KLGA KMIA KORD KSEA,0.0,0.0,0.0,0.0,0.0,0.0,observed_non_null_in_v11_artifacts; still build column defensively,
v8_provider_min_remaining_from_high_so_far_f,numeric,v8 remaining-warmup engineered,9,KATL KAUS KDAL KHOU KLAX KLGA KMIA KORD KSEA,0.0,0.0,0.0,0.0,0.0,0.0,observed_non_null_in_v11_artifacts; still build column defensively,
v8_provider_spread_per_remaining_warmup_f,numeric,v8 remaining-warmup engineered,9,KATL KAUS KDAL KHOU KLAX KLGA KMIA KORD KSEA,0.0,0.0,0.0,0.0,0.0,0.0,observed_non_null_in_v11_artifacts; still build column defensively,
v8_recent_remaining_warmup_30d_mean_f,numeric,v8 remaining-warmup engineered,9,KATL KAUS KDAL KHOU KLAX KLGA KMIA KORD KSEA,0.255,0.255,0.255,0.255,0.258,0.256,may_be_null; numeric median imputer handles,
v8_recent_remaining_warmup_7d_mean_f,numeric,v8 remaining-warmup engineered,9,KATL KAUS KDAL KHOU KLAX KLGA KMIA KORD KSEA,0.102,0.102,0.102,0.102,0.103,0.102,may_be_null; numeric median imputer handles,
