contract_date,training_2026_days,train_rows,train_last_contract_date,actual_high_f,fixed_170_predicted_high_f,daily_refit_predicted_high_f,rebuilt_170_predicted_high_f,fixed_170_xgboost_predicted_high_f,fixed_170_lightgbm_predicted_high_f,fixed_170_catboost_predicted_high_f,daily_refit_xgboost_predicted_high_f,daily_refit_lightgbm_predicted_high_f,daily_refit_catboost_predicted_high_f,fit_seconds,actual_rounded_f,actual_bucket,fixed_170_rounded_f,fixed_170_bucket,fixed_170_bucket_hit,fixed_170_error_f,fixed_170_absolute_error_f,daily_refit_rounded_f,daily_refit_bucket,daily_refit_bucket_hit,daily_refit_error_f,daily_refit_absolute_error_f,refit_hit_gain,refit_minus_fixed_prediction_f,rebuilt_170_minus_artifact_f
2026-07-01,170,1981,2026-06-21,95.0,95.484618709206,95.484618709206,95.43884749949913,96.11602783203125,96.12761226423336,95.45537595084366,96.11602783203125,96.12761226423336,95.45537595084366,0.0577843000064604,95,94-95,95,94-95,True,-0.4846187092060035,0.4846187092060035,95,94-95,True,-0.4846187092060035,0.4846187092060035,0,0.0,-0.045771209706870764
2026-07-02,171,1982,2026-07-01,95.0,94.72564937764989,95.252375611804,95.19117514896027,95.12173080444336,95.61217423259812,94.67590535509581,96.21300649642944,95.87074342101049,94.90868677176746,58.51014020000002,95,94-95,95,94-95,True,0.27435062235011287,0.27435062235011287,95,94-95,True,-0.25237561180399837,0.25237561180399837,0,0.5267262341541112,0.4655257713103822
2026-07-12,172,1983,2026-07-02,98.0,93.45437574527999,93.11392092495112,93.32115315579313,93.79308128356934,94.20870580830538,93.58254020008098,93.44549322128296,93.70262404377289,93.4155383691046,20.719970999998623,98,98-99,93,92-93,False,4.5456242547200105,4.5456242547200105,93,92-93,False,4.886079075048883,4.886079075048883,0,-0.34045482032887264,-0.13322258948686283
2026-07-15,173,1984,2026-07-12,91.0,89.76692700684738,89.92084760615404,89.53225073317398,90.62688064575195,89.97209075117992,89.87862059294142,90.18756151199341,90.10817360059593,90.65973582729403,19.060757799990824,91,90-91,90,90-91,True,1.2330729931526179,1.2330729931526179,90,90-91,True,1.079152393845959,1.079152393845959,0,0.1539205993066588,-0.23467627367340071
2026-07-16,174,1985,2026-07-15,89.0,89.72575685985757,89.91759100001994,89.65624262731934,89.92770671844482,89.80938476750673,90.63515585420411,90.53791856765747,89.85434836539132,90.5530428251567,21.538101400001324,89,88-89,90,90-91,False,-0.7257568598575688,0.7257568598575688,90,90-91,False,-0.9175910000199394,0.9175910000199394,0,0.19183414016237066,-0.06951423253822497
2026-07-17,175,1986,2026-07-16,94.0,93.28587246102346,93.10229047591085,93.17150793393785,94.04183769226074,93.58842562836254,93.4506853988519,93.68450498580933,93.49958399847719,93.34469743670199,17.93724869999278,94,94-95,93,92-93,False,0.7141275389765411,0.7141275389765411,93,92-93,False,0.8977095240891515,0.8977095240891515,0,-0.18358198511261037,-0.11436452708561262
2026-07-18,176,1987,2026-07-17,97.0,96.46364270733054,96.56548439653965,96.61001397281368,97.02057838439941,96.7883659268813,96.85174073451643,96.85518407821655,97.27418767204007,96.83248255118737,20.23875490001228,97,96-97,96,96-97,True,0.5363572926694644,0.5363572926694644,97,96-97,True,0.4345156034603548,0.4345156034603548,0,0.10184168920910963,0.14637126548313972
2026-07-19,177,1988,2026-07-18,98.0,98.1515280345877,97.89891505600254,97.80352433389207,98.3541145324707,98.4316375891646,98.97064235406329,98.29594993591309,98.11889155570744,98.57775109925672,21.560564899991732,98,98-99,98,98-99,True,-0.1515280345876988,0.1515280345876988,98,98-99,True,0.10108494399746348,0.10108494399746348,0,-0.2526129785851623,-0.348003700695628
2026-07-20,178,1989,2026-07-19,102.0,100.91508699529507,100.78556934720922,100.7555087325812,100.76476669311523,101.65928723733781,101.65381099134673,100.94705104827881,101.24278772930316,101.49946157457347,18.24170350001077,102,102-103,101,100-101,False,1.08491300470493,1.08491300470493,101,100-101,False,1.2144306527907816,1.2144306527907816,0,-0.12951764808585153,-0.15957826271386466
2026-07-21,179,1990,2026-07-20,107.0,105.77770531754244,105.83900896428804,105.53341344082669,105.93004703521729,106.54533430498715,106.24787680462353,106.29083347320557,106.57069719941632,106.04074621888614,20.214864699999453,107,106-107,106,106-107,True,1.2222946824575587,1.2222946824575587,106,106-107,True,1.1609910357119588,1.1609910357119588,0,0.06130364674559985,-0.24429187671574937
2026-07-22,180,1991,2026-07-21,108.0,106.22562822971886,106.42215777944067,106.1891823979729,106.81458759307861,106.77560057701837,106.47959066149801,106.49945259094238,106.91142234216646,107.26464125553103,19.1687166000047,108,108-109,106,106-107,False,1.7743717702811352,1.7743717702811352,106,106-107,False,1.577842220559333,1.577842220559333,0,0.19652954972180225,-0.03644583174596505
2026-07-23,181,1992,2026-07-22,97.0,98.85139395217027,99.5025739891525,98.93124712530616,98.83588743209839,99.67199303915055,99.3458378980161,99.75674295425415,100.29245150403442,99.7615931758878,18.81420030001027,97,96-97,99,98-99,False,-1.8513939521702696,1.8513939521702696,100,100-101,False,-2.502573989152495,2.502573989152495,0,0.6511800369822254,0.0798531731358878
2026-07-24,182,1993,2026-07-23,94.0,94.26384837079144,93.9328941152202,94.15786329121053,94.94275093078613,94.8281242515084,94.25081265626933,94.68251419067383,94.40231446650183,93.94086834400292,19.27284160000272,94,94-95,94,94-95,True,-0.2638483707914361,0.2638483707914361,94,94-95,True,0.0671058847798065,0.0671058847798065,0,-0.3309542555712426,-0.10598507958090408
2026-07-25,183,1994,2026-07-24,98.0,99.44778629194813,99.02000036692064,99.16650053257689,99.85559177398682,99.79265230237927,100.00762934409121,99.64584732055664,99.53022261490099,99.18066650190782,17.768244899998535,98,98-99,99,98-99,True,-1.447786291948134,1.447786291948134,99,98-99,True,-1.020000366920641,1.020000366920641,0,-0.4277859250274929,-0.28128575937124367
2026-07-26,184,1995,2026-07-25,98.0,99.2876448087783,98.83324086219937,99.07237911337643,99.7037296295166,99.49268634420574,99.9809974972002,99.37852191925049,99.07288981695807,99.35269640138993,21.124212499998976,98,98-99,99,98-99,True,-1.2876448087782961,1.2876448087782961,99,98-99,True,-0.833240862199375,0.833240862199375,0,-0.45440394657892114,-0.21526569540186813
2026-07-27,185,1996,2026-07-26,99.0,100.21731227563683,99.69546240271433,100.14370702999355,100.66491222381592,100.37609820818759,100.93856562435718,100.13580703735352,99.90103254515455,100.36892202545204,18.875275400001556,99,98-99,100,100-101,False,-1.2173122756368286,1.2173122756368286,100,100-101,False,-0.6954624027143268,0.6954624027143268,0,-0.5218498729225018,-0.07360524564327875
2026-07-28,186,1997,2026-07-27,99.0,100.28697183937814,100.07789795093146,100.52346884911127,100.51969909667969,101.11156767285347,100.54264461631972,100.18264770507812,100.75628059621833,100.61236894702773,17.925593499996467,99,98-99,100,100-101,False,-1.2869718393781397,1.2869718393781397,100,100-101,False,-1.0778979509314581,1.0778979509314581,0,-0.20907388844668162,0.23649700973312804
2026-07-29,187,1998,2026-07-28,98.0,99.34163524903511,98.71859787673316,99.4358132072993,100.0743579864502,99.28496160831835,99.98162534659187,99.31264686584473,98.82466764049816,99.32432494584357,19.473228799994104,98,98-99,99,98-99,True,-1.3416352490351073,1.3416352490351073,99,98-99,True,-0.7185978767331562,0.7185978767331562,0,-0.6230373723019511,0.09417795826419706
