family,action,eligible_for_selection,fold,train_start,train_end,validation_start,validation_end,selected_parameters,selection_contract_relaxed,train_trade_count,train_mean_return,train_mean_return_lcb_95,parameters,available_count,coverage,trade_count,wins,win_rate,total_pnl_per_1usd,mean_return,return_std,mean_return_lcb_95,profit_factor,max_drawdown,total_pnl_usdc,max_drawdown_usdc
point_all,point,False,february,2026-01-01,2026-01-31,2026-02-01,2026-02-28,{},False,29,0.6371523582832924,0.08492675578145459,{},27,1.0,27,13,0.48148148148148145,31.342473700413297,1.1608323592745666,4.935544130897753,-0.4016641640852505,3.238748121458092,6.7058823529411775,125.36989480165319,26.82352941176471
point_all,point,False,march,2026-02-01,2026-02-28,2026-03-01,2026-03-30,{},False,27,1.1608323592745666,-0.4016641640852505,{},30,1.0,30,11,0.36666666666666664,2.6621491217934574,0.08873830405978192,1.676383448944236,-0.4147375407318137,1.1401131116733396,9.135531135531137,10.64859648717383,36.54212454212455
point_all,point,False,april,2026-03-01,2026-03-30,2026-04-01,2026-04-30,{},False,30,0.08873830405978192,-0.4147375407318137,{},30,1.0,30,9,0.3,-10.47171820231993,-0.34905727341066434,1.1845397264731243,-0.704815462177595,0.5013467522704793,11.695348565435982,-41.88687280927972,46.78139426174393
point_all,point,False,may,2026-04-01,2026-04-30,2026-05-01,2026-05-31,{},False,30,-0.34905727341066434,-0.704815462177595,{},26,1.0,26,8,0.3076923076923077,-10.334330671515879,-0.39747425659676455,0.9836862392670257,-0.7148222995451419,0.4258705182491178,11.385744223666658,-41.337322686063516,45.54297689466663
point_all,point,False,june,2026-05-01,2026-05-31,2026-06-01,2026-06-30,{},False,26,-0.39747425659676455,-0.7148222995451419,{},30,1.0,30,15,0.5,4.259610399908981,0.14198701333029937,1.2617219464666154,-0.23695166164256878,1.2839740266605988,6.0,17.038441599635924,24.0
point_all,point,False,july,2026-06-01,2026-06-30,2026-07-01,2026-07-25,{},False,30,0.14198701333029937,-0.23695166164256878,{},24,1.0,24,9,0.375,-5.379116476010509,-0.22412985316710454,1.267158872550691,-0.6496218054170142,0.6413922349326328,9.54492351515541,-21.516465904042036,38.17969406062164
probability_all,probability,False,february,2026-01-01,2026-01-31,2026-02-01,2026-02-28,{},False,29,0.7781532863906675,-0.024407861745271875,{},27,1.0,27,14,0.5185185185185185,32.04835605335447,1.1869761501242395,4.904288216323979,-0.36562536337228435,3.465258157950344,6.705882352941181,128.19342421341787,26.823529411764724
probability_all,probability,False,march,2026-02-01,2026-02-28,2026-03-01,2026-03-30,{},False,27,1.1869761501242395,-0.36562536337228435,{},30,1.0,30,12,0.4,0.022215955544501398,0.0007405318514833799,1.3403606074555856,-0.40181604885747196,1.0012342197524724,7.0,0.08886382217800559,28.0
probability_all,probability,False,april,2026-03-01,2026-03-30,2026-04-01,2026-04-30,{},False,30,0.0007405318514833799,-0.40181604885747196,{},30,1.0,30,12,0.4,6.509735340112508,0.21699117800375026,2.1845546145466685,-0.439106017864502,1.3616519633395838,9.221916807837989,26.038941360450032,36.887667231351955
probability_all,probability,False,may,2026-04-01,2026-04-30,2026-05-01,2026-05-31,{},False,30,0.21699117800375026,-0.439106017864502,{},26,1.0,26,9,0.34615384615384615,-3.9664456912790524,-0.15255560351073277,1.3129275322476164,-0.5761205231565396,0.7666796652188793,9.185882569546669,-15.86578276511621,36.743530278186675
probability_all,probability,False,june,2026-05-01,2026-05-31,2026-06-01,2026-06-30,{},False,26,-0.15255560351073277,-0.5761205231565396,{},30,1.0,30,12,0.4,-3.3935919427769283,-0.11311973142589761,1.162845482286451,-0.46236238943769026,0.8114671142901706,6.0,-13.574367771107713,24.0
probability_all,probability,False,july,2026-06-01,2026-06-30,2026-07-01,2026-07-25,{},False,30,-0.11311973142589761,-0.46236238943769026,{},24,1.0,24,9,0.375,-5.379116476010509,-0.22412985316710454,1.267158872550691,-0.6496218054170142,0.6413922349326328,9.54492351515541,-21.516465904042036,38.17969406062164
point_price_cap,point,True,february,2026-01-01,2026-01-31,2026-02-01,2026-02-28,"{""max_price"":0.6}",False,20,0.8879376603889435,0.10634341170171535,"{""max_price"":0.6}",27,0.8148148148148148,22,9,0.4090909090909091,31.306900638865127,1.4230409381302331,5.450465250706405,-0.4885199546614032,3.4082231260665483,6.03921568627451,125.2276025554605,24.15686274509804
point_price_cap,point,True,march,2026-02-01,2026-02-28,2026-03-01,2026-03-30,"{""max_price"":0.6}",False,22,1.4230409381302331,-0.4885199546614032,"{""max_price"":0.6}",30,0.9666666666666667,29,10,0.3448275862068966,2.388263771474986,0.08235392315430987,1.7056850434746345,-0.438679693643909,1.1256980932355256,9.135531135531137,9.553055085899944,36.54212454212455
point_price_cap,point,True,april,2026-03-01,2026-03-30,2026-04-01,2026-04-30,"{""max_price"":0.45}",False,22,0.14117576922910918,-0.5152399446200133,"{""max_price"":0.45}",30,0.7666666666666667,23,4,0.17391304347826086,-10.024973213698829,-0.4358684005956012,1.2884268390549143,-0.8778068089701548,0.4723698308579564,12.00144051906577,-40.099892854795314,48.00576207626308
point_price_cap,point,True,may,2026-04-01,2026-04-30,2026-05-01,2026-05-31,"{""max_price"":0.6}",False,24,-0.3682690833188606,-0.8057612494484316,"{""max_price"":0.6}",26,0.8076923076923077,21,5,0.23809523809523808,-9.038155429055312,-0.43038835376453866,1.0506728291079301,-0.8075467290828106,0.435115285684043,10.08956898120609,-36.15262171622125,40.35827592482436
point_price_cap,point,True,june,2026-05-01,2026-05-31,2026-06-01,2026-06-30,"{""max_price"":0.7}",False,22,-0.38544025158170425,-0.7525694281730937,"{""max_price"":0.7}",30,0.9333333333333333,28,14,0.5,5.058003250346442,0.18064297322665862,1.2883638347088826,-0.21987813758842584,1.3612859464533174,6.0,20.232013001385766,24.0
point_price_cap,point,True,july,2026-06-01,2026-06-30,2026-07-01,2026-07-25,"{""max_price"":0.6}",False,25,0.19106808660072339,-0.24929270556186744,"{""max_price"":0.6}",24,0.7916666666666666,19,4,0.21052631578947367,-7.025893150608567,-0.36978385003202985,1.3893178356063343,-0.894096955055749,0.5316071232927622,10.285733351961989,-28.10357260243427,41.142933407847956
probability_price_cap,probability,True,february,2026-01-01,2026-01-31,2026-02-01,2026-02-28,"{""max_price"":0.8}",False,24,0.926742256198214,-0.03882679597974836,"{""max_price"":0.8}",27,0.9259259259259259,25,12,0.48,31.754567029364978,1.270182681174599,5.09499240816156,-0.40606982111055423,3.4426590022588455,6.705882352941181,127.01826811745991,26.823529411764724
probability_price_cap,probability,True,march,2026-02-01,2026-02-28,2026-03-01,2026-03-30,"{""max_price"":0.6}",False,22,1.455126499627559,-0.44356671606805054,"{""max_price"":0.6}",30,0.9333333333333333,28,10,0.35714285714285715,-0.42126003804882384,-0.015045001358886565,1.3876483518277172,-0.44643126378090064,0.9765966645528431,7.0,-1.6850401521952953,28.0
probability_price_cap,probability,True,april,2026-03-01,2026-03-30,2026-04-01,2026-04-30,"{""max_price"":0.45}",False,21,0.014111576834123467,-0.520357514264946,"{""max_price"":0.45}",30,0.7666666666666667,23,6,0.2608695652173913,5.267804588249298,0.22903498209779558,2.4833286066835605,-0.6227621542562963,1.3098708581323117,10.0,21.071218352997192,40.0
probability_price_cap,probability,True,may,2026-04-01,2026-04-30,2026-05-01,2026-05-31,"{""max_price"":0.8}",False,25,0.28571982171119137,-0.499527121376354,"{""max_price"":0.8}",26,0.9230769230769231,24,8,0.3333333333333333,-2.976041903274065,-0.1240017459697527,1.3566333755517455,-0.5795378243219211,0.813997381045371,8.460549004088971,-11.90416761309626,33.842196016355885
probability_price_cap,probability,True,june,2026-05-01,2026-05-31,2026-06-01,2026-06-30,"{""max_price"":0.55}",False,22,-0.11520508170599468,-0.60582207517116,"{""max_price"":0.55}",30,0.8,24,8,0.3333333333333333,-3.69392083542249,-0.15391336814260376,1.2426070758052026,-0.5711612144995777,0.7691299477860944,6.0,-14.77568334168996,24.0
probability_price_cap,probability,True,july,2026-06-01,2026-06-30,2026-07-01,2026-07-25,"{""max_price"":0.45}",False,20,-0.08235229415531035,-0.5599999292910767,"{""max_price"":0.45}",24,0.5833333333333334,14,2,0.14285714285714285,-5.740159798646578,-0.4100114141890413,1.5321886034597025,-1.083630078901778,0.5216533501127851,10.0,-22.960639194586314,40.0
point_edge,point,True,february,2026-01-01,2026-01-31,2026-02-01,2026-02-28,"{""min_edge"":0.0}",False,15,1.0675404931691403,0.059871627426906215,"{""min_edge"":0.0}",27,0.7037037037037037,19,8,0.42105263157894735,29.02767033009122,1.5277721226363798,5.827598097164253,-0.6714986092627853,3.6388791209173834,4.7058823529411775,116.11068132036488,18.82352941176471
point_edge,point,True,march,2026-02-01,2026-02-28,2026-03-01,2026-03-30,"{""min_edge"":-0.05}",False,21,1.4775081109567247,-0.5208214888465696,"{""min_edge"":-0.05}",30,0.7666666666666667,23,9,0.391304347826087,6.501471318644796,0.28267266602803465,1.834450808291277,-0.3465553552171101,1.4643908084746282,7.135531135531137,26.005885274579185,28.542124542124547
point_edge,point,True,april,2026-03-01,2026-03-30,2026-04-01,2026-04-30,"{""min_edge"":-0.05}",False,23,0.28267266602803465,-0.3465553552171101,"{""min_edge"":-0.05}",30,0.6666666666666666,20,7,0.35,-4.591602001999412,-0.2295801000999706,1.2880786931565982,-0.7033781848549326,0.6467998460000453,7.910592548322302,-18.36640800799765,31.642370193289207
point_edge,point,True,may,2026-04-01,2026-04-30,2026-05-01,2026-05-31,"{""min_edge"":-0.05}",False,20,-0.2295801000999706,-0.7033781848549326,"{""min_edge"":-0.05}",26,0.5769230769230769,15,5,0.3333333333333333,-5.009714970152254,-0.3339809980101503,1.0449460040509484,-0.777808410370976,0.49902850298477464,5.009714970152254,-20.038859880609017,20.038859880609017
point_edge,point,True,june,2026-05-01,2026-05-31,2026-06-01,2026-06-30,"{""min_edge"":-0.05}",False,15,-0.3339809980101503,-0.777808410370976,"{""min_edge"":-0.05}",30,0.6333333333333333,19,7,0.3684210526315789,0.7163582913060402,0.0377030679634758,1.4428910677130045,-0.5068279792417355,1.0596965242755034,4.0,2.865433165224161,16.0
point_edge,point,True,july,2026-06-01,2026-06-30,2026-07-01,2026-07-25,"{""min_edge"":0.0}",False,15,0.31442388608706934,-0.3279079324734289,"{""min_edge"":0.0}",24,0.5416666666666666,13,4,0.3076923076923077,-1.0258931506085678,-0.0789148577391206,1.61402128437844,-0.8152973995352737,0.8860118721546036,5.285733351961989,-4.103572602434271,21.142933407847956
probability_edge,probability,True,february,2026-01-01,2026-01-31,2026-02-01,2026-02-28,"{""min_edge"":-0.05}",False,18,1.0529992313612686,-0.23026458224635804,"{""min_edge"":-0.05}",27,0.7037037037037037,19,8,0.42105263157894735,29.02767033009122,1.5277721226363798,5.827598097164253,-0.6714986092627853,3.6388791209173834,5.7058823529411775,116.11068132036488,22.82352941176471
probability_edge,probability,True,march,2026-02-01,2026-02-28,2026-03-01,2026-03-30,"{""min_edge"":0.0}",False,18,1.6682039072272898,-0.6439773140709759,"{""min_edge"":0.0}",30,0.7333333333333333,22,6,0.2727272727272727,-3.525462531818465,-0.1602482969008393,1.4243187934358283,-0.6597785166462505,0.779658591761346,7.0,-14.10185012727386,28.0
probability_edge,probability,True,april,2026-03-01,2026-03-30,2026-04-01,2026-04-30,"{""min_edge"":0.0}",False,22,-0.1602482969008393,-0.6597785166462505,"{""min_edge"":0.0}",30,0.6333333333333333,19,5,0.2631578947368421,6.291337282882355,0.331123014888545,2.665511658873137,-0.6748114505901671,1.4493812344915968,8.0,25.16534913152942,32.0
probability_edge,probability,True,may,2026-04-01,2026-04-30,2026-05-01,2026-05-31,"{""min_edge"":0.0}",False,19,0.331123014888545,-0.6748114505901671,"{""min_edge"":0.0}",26,0.6538461538461539,17,7,0.4117647058823529,1.0309212443750466,0.060642426139708626,1.4711127709179475,-0.5262890589826255,1.1030921244375047,3.460549004088972,4.1236849775001865,13.842196016355889
probability_edge,probability,True,june,2026-05-01,2026-05-31,2026-06-01,2026-06-30,"{""min_edge"":0.0}",False,17,0.060642426139708626,-0.5262890589826255,"{""min_edge"":0.0}",30,0.6,18,6,0.3333333333333333,-2.2167977222436823,-0.1231554290135379,1.2976317213009245,-0.626286459652241,0.8152668564796932,5.0,-8.86719088897473,20.0
probability_edge,probability,True,july,2026-06-01,2026-06-30,2026-07-01,2026-07-25,"{""min_edge"":0.0}",False,18,-0.1231554290135379,-0.626286459652241,"{""min_edge"":0.0}",24,0.5416666666666666,13,4,0.3076923076923077,-1.0258931506085678,-0.0789148577391206,1.61402128437844,-0.8152973995352737,0.8860118721546036,5.285733351961989,-4.103572602434271,21.142933407847956
point_price_edge,point,True,february,2026-01-01,2026-01-31,2026-02-01,2026-02-28,"{""max_price"":0.75,""min_edge"":0.0}",False,14,1.143071884816864,0.06892175866384997,"{""max_price"":0.75,""min_edge"":0.0}",27,0.7037037037037037,19,8,0.42105263157894735,29.02767033009122,1.5277721226363798,5.827598097164253,-0.6714986092627853,3.6388791209173834,4.7058823529411775,116.11068132036488,18.82352941176471
point_price_edge,point,True,march,2026-02-01,2026-02-28,2026-03-01,2026-03-30,"{""max_price"":0.75,""min_edge"":0.0}",False,19,1.5277721226363798,-0.6714986092627853,"{""max_price"":0.75,""min_edge"":0.0}",30,0.6333333333333333,19,6,0.3157894736842105,3.2840612777053444,0.17284533040554445,1.9473887182753975,-0.5620775212265483,1.2526200982850264,8.802197802197803,13.136245110821378,35.20879120879121
point_price_edge,point,True,april,2026-03-01,2026-03-30,2026-04-01,2026-04-30,"{""max_price"":0.35,""min_edge"":0.0}",False,15,0.3390839386602098,-0.5595571325395324,"{""max_price"":0.35,""min_edge"":0.0}",30,0.36666666666666664,11,1,0.09090909090909091,-6.625164056347887,-0.6022876414861715,1.3190626676776778,-1.2565244712414194,0.3374835943652113,7.0,-26.50065622539155,28.0
point_price_edge,point,True,may,2026-04-01,2026-04-30,2026-05-01,2026-05-31,"{""max_price"":0.75,""min_edge"":0.0}",False,12,-0.411126576903524,-1.0860882440420283,"{""max_price"":0.75,""min_edge"":0.0}",26,0.46153846153846156,12,3,0.25,-5.786519760493858,-0.48220998004115484,0.9556760529472189,-0.9360324372774906,0.35705335994512677,5.786519760493858,-23.146079041975433,23.146079041975433
point_price_edge,point,True,june,2026-05-01,2026-05-31,2026-06-01,2026-06-30,"{""max_price"":0.75,""min_edge"":0.0}",False,12,-0.48220998004115484,-0.9360324372774906,"{""max_price"":0.75,""min_edge"":0.0}",30,0.4666666666666667,14,7,0.5,5.71635829130604,0.40831130652186004,1.5233510273286077,-0.26142196430445647,1.81662261304372,3.0,22.86543316522416,12.0
point_price_edge,point,True,july,2026-06-01,2026-06-30,2026-07-01,2026-07-25,"{""max_price"":0.75,""min_edge"":0.0}",False,14,0.40831130652186004,-0.26142196430445647,"{""max_price"":0.75,""min_edge"":0.0}",24,0.5416666666666666,13,4,0.3076923076923077,-1.0258931506085678,-0.0789148577391206,1.61402128437844,-0.8152973995352737,0.8860118721546036,5.285733351961989,-4.103572602434271,21.142933407847956
probability_price_edge,probability,True,february,2026-01-01,2026-01-31,2026-02-01,2026-02-28,"{""max_price"":0.75,""min_edge"":0.0}",False,15,1.272802220169998,-0.25080770827559085,"{""max_price"":0.75,""min_edge"":0.0}",27,0.6666666666666666,18,8,0.4444444444444444,30.02767033009122,1.6682039072272898,5.963376368068803,-0.6439773140709759,4.002767033009122,4.7058823529411775,120.11068132036488,18.82352941176471
probability_price_edge,probability,True,march,2026-02-01,2026-02-28,2026-03-01,2026-03-30,"{""max_price"":0.75,""min_edge"":0.0}",False,18,1.6682039072272898,-0.6439773140709759,"{""max_price"":0.75,""min_edge"":0.0}",30,0.7333333333333333,22,6,0.2727272727272727,-3.525462531818465,-0.1602482969008393,1.4243187934358283,-0.6597785166462505,0.779658591761346,7.0,-14.10185012727386,28.0
probability_price_edge,probability,True,april,2026-03-01,2026-03-30,2026-04-01,2026-04-30,"{""max_price"":0.75,""min_edge"":0.0}",False,22,-0.1602482969008393,-0.6597785166462505,"{""max_price"":0.75,""min_edge"":0.0}",30,0.6333333333333333,19,5,0.2631578947368421,6.291337282882355,0.331123014888545,2.665511658873137,-0.6748114505901671,1.4493812344915968,8.0,25.16534913152942,32.0
probability_price_edge,probability,True,may,2026-04-01,2026-04-30,2026-05-01,2026-05-31,"{""max_price"":0.75,""min_edge"":0.0}",False,19,0.331123014888545,-0.6748114505901671,"{""max_price"":0.75,""min_edge"":0.0}",26,0.6153846153846154,16,6,0.375,1.0213250323800338,0.06383281452375211,1.519297995411015,-0.5609784860890279,1.1021325032380034,3.460549004088972,4.085300129520135,13.842196016355889
probability_price_edge,probability,True,june,2026-05-01,2026-05-31,2026-06-01,2026-06-30,"{""max_price"":0.75,""min_edge"":0.0}",False,16,0.06383281452375211,-0.5609784860890279,"{""max_price"":0.75,""min_edge"":0.0}",30,0.5666666666666667,17,6,0.35294117647058826,-1.2167977222436823,-0.07157633660256955,1.3184113115157623,-0.5975843520092898,0.8893820252505744,4.0,-4.867190888974729,16.0
probability_price_edge,probability,True,july,2026-06-01,2026-06-30,2026-07-01,2026-07-25,"{""max_price"":0.75,""min_edge"":0.0}",False,17,-0.07157633660256955,-0.5975843520092898,"{""max_price"":0.75,""min_edge"":0.0}",24,0.5416666666666666,13,4,0.3076923076923077,-1.0258931506085678,-0.0789148577391206,1.61402128437844,-0.8152973995352737,0.8860118721546036,5.285733351961989,-4.103572602434271,21.142933407847956
probability_confidence,probability,True,february,2026-01-01,2026-01-31,2026-02-01,2026-02-28,"{""min_confidence"":0.5}",False,12,0.653004587702152,0.10535988235945948,"{""min_confidence"":0.5}",27,0.3333333333333333,9,3,0.3333333333333333,-4.745426662285025,-0.5272696291427805,0.7471523125368743,-0.9369581471838333,0.20909555628582902,5.7062109760105155,-18.9817066491401,22.824843904042062
probability_confidence,probability,True,march,2026-02-01,2026-02-28,2026-03-01,2026-03-30,"{""min_confidence"":0.35}",False,18,-0.1160679244598018,-0.5011440162062472,"{""min_confidence"":0.35}",30,0.9333333333333333,28,11,0.39285714285714285,-1.3676145529300756,-0.04884337689035984,1.2956102217628147,-0.45161721392613396,0.9195520851217603,6.135531135531137,-5.470458211720302,24.542124542124547
probability_confidence,probability,True,april,2026-03-01,2026-03-30,2026-04-01,2026-04-30,"{""min_confidence"":0.4}",False,19,-0.2665285854925603,-0.6612298932378942,"{""min_confidence"":0.4}",30,0.43333333333333335,13,5,0.38461538461538464,5.909184229602013,0.45455263304630866,2.892961524142869,-0.8653347693600281,1.7386480287002515,5.9105925483223025,23.63673691840805,23.64237019328921
probability_confidence,probability,True,may,2026-04-01,2026-04-30,2026-05-01,2026-05-31,"{""min_confidence"":0.35}",False,23,0.10343617623234716,-0.6712193069946268,"{""min_confidence"":0.35}",26,0.7307692307692307,19,7,0.3684210526315789,-2.074591529025252,-0.10918902784343432,1.2664900455111066,-0.5871482904579222,0.827117372581229,5.509329491893849,-8.298366116101008,22.037317967575397
probability_confidence,probability,True,june,2026-05-01,2026-05-31,2026-06-01,2026-06-30,"{""min_confidence"":0.35}",False,19,-0.10918902784343432,-0.5871482904579222,"{""min_confidence"":0.35}",30,0.9666666666666667,29,11,0.3793103448275862,-5.4630656431425795,-0.18838157390146826,1.1065728748030195,-0.5264050967172114,0.6964963531587456,6.938828605876008,-21.852262572570318,27.755314423504032
probability_confidence,probability,True,july,2026-06-01,2026-06-30,2026-07-01,2026-07-25,"{""min_confidence"":0.4}",False,19,-0.06250261471191111,-0.5074072203660461,"{""min_confidence"":0.4}",24,0.7083333333333334,17,9,0.5294117647058824,1.6208835239894914,0.09534608964644067,1.3915365309317886,-0.4598367752213198,1.2026104404986864,2.5449235151554097,6.483534095957966,10.179694060621639
probability_confidence_edge,probability,True,february,2026-01-01,2026-01-31,2026-02-01,2026-02-28,"{""min_confidence"":0.35,""min_edge"":0.0}",False,12,0.8899811720169811,-0.23263349517865295,"{""min_confidence"":0.35,""min_edge"":0.0}",27,0.4444444444444444,12,5,0.4166666666666667,-2.7161508605384848,-0.22634590504487373,1.0251215137119953,-0.7131459696524397,0.6119784484945022,6.591549295774648,-10.864603442153939,26.366197183098592
probability_confidence_edge,probability,True,march,2026-02-01,2026-02-28,2026-03-01,2026-03-30,"{""min_confidence"":0.3,""min_edge"":0.0}",False,18,1.6682039072272898,-0.6439773140709759,"{""min_confidence"":0.3,""min_edge"":0.0}",30,0.7333333333333333,22,6,0.2727272727272727,-3.525462531818465,-0.1602482969008393,1.4243187934358283,-0.6597785166462505,0.779658591761346,7.0,-14.10185012727386,28.0
probability_confidence_edge,probability,True,april,2026-03-01,2026-03-30,2026-04-01,2026-04-30,"{""min_confidence"":0.3,""min_edge"":0.0}",False,22,-0.1602482969008393,-0.6597785166462505,"{""min_confidence"":0.3,""min_edge"":0.0}",30,0.6,18,5,0.2777777777777778,7.291337282882356,0.40507429349346424,2.7226589137966477,-0.6505828416471816,1.5608720986832583,7.0,29.165349131529425,28.0
probability_confidence_edge,probability,True,may,2026-04-01,2026-04-30,2026-05-01,2026-05-31,"{""min_confidence"":0.3,""min_edge"":0.0}",False,18,0.40507429349346424,-0.6505828416471816,"{""min_confidence"":0.3,""min_edge"":0.0}",26,0.6538461538461539,17,7,0.4117647058823529,1.0309212443750466,0.060642426139708626,1.4711127709179475,-0.5262890589826255,1.1030921244375047,3.460549004088972,4.1236849775001865,13.842196016355889
probability_confidence_edge,probability,True,june,2026-05-01,2026-05-31,2026-06-01,2026-06-30,"{""min_confidence"":0.3,""min_edge"":0.0}",False,17,0.060642426139708626,-0.5262890589826255,"{""min_confidence"":0.3,""min_edge"":0.0}",30,0.6,18,6,0.3333333333333333,-2.2167977222436823,-0.1231554290135379,1.2976317213009245,-0.626286459652241,0.8152668564796932,5.0,-8.86719088897473,20.0
probability_confidence_edge,probability,True,july,2026-06-01,2026-06-30,2026-07-01,2026-07-25,"{""min_confidence"":0.4,""min_edge"":0.0}",False,13,-0.02202087866225635,-0.6199315523748904,"{""min_confidence"":0.4,""min_edge"":0.0}",24,0.4166666666666667,10,4,0.4,1.9741068493914318,0.19741068493914318,1.7623224860606195,-0.7193400881145289,1.3290178082319055,2.2857333519619893,7.896427397565727,9.142933407847957
point_provider_spread,point,True,february,2026-01-01,2026-01-31,2026-02-01,2026-02-28,"{""max_provider_spread"":2.0}",False,17,1.2527887698767284,0.443265010844771,"{""max_provider_spread"":2.0}",27,0.5555555555555556,15,5,0.3333333333333333,-6.724412315952433,-0.4482941543968289,0.8450521552789241,-0.8072192184033868,0.3275587684047567,6.724412315952433,-26.897649263809733,26.897649263809733
point_provider_spread,point,True,march,2026-02-01,2026-02-28,2026-03-01,2026-03-30,"{""max_provider_spread"":2.0}",False,15,-0.4482941543968289,-0.8072192184033868,"{""max_provider_spread"":2.0}",30,0.23333333333333334,7,2,0.2857142857142857,-2.9154053493676138,-0.41648647848108766,1.000575172267874,-1.038595650834993,0.41691893012647724,5.0,-11.661621397470455,20.0
point_provider_spread,point,True,april,2026-03-01,2026-03-30,2026-04-01,2026-04-30,"{""max_provider_spread"":4.0}",False,22,0.027529633938737027,-0.4435934633672786,"{""max_provider_spread"":4.0}",30,0.4,12,2,0.16666666666666666,-4.933518922842288,-0.411126576903524,1.4213591497207076,-1.0860882440420283,0.5066481077157712,5.0,-19.734075691369153,20.0
point_provider_spread,point,True,may,2026-04-01,2026-04-30,2026-05-01,2026-05-31,"{""max_provider_spread"":6.0}",False,21,-0.3610824289298195,-0.8212255063926306,"{""max_provider_spread"":6.0}",26,0.8076923076923077,21,7,0.3333333333333333,-6.470089322802481,-0.30809949156202293,1.055621480267739,-0.687034276414969,0.5378507626569657,7.521502874953258,-25.880357291209926,30.086011499813033
point_provider_spread,point,True,june,2026-05-01,2026-05-31,2026-06-01,2026-06-30,"{""max_provider_spread"":6.0}",False,21,-0.30809949156202293,-0.687034276414969,"{""max_provider_spread"":6.0}",30,0.8333333333333334,25,13,0.52,5.539564070772793,0.22158256283091174,1.3066160884089304,-0.20829413025562635,1.4616303392310661,6.0,22.158256283091173,24.0
point_provider_spread,point,True,july,2026-06-01,2026-06-30,2026-07-01,2026-07-25,"{""max_provider_spread"":6.0}",False,25,0.22158256283091174,-0.20829413025562635,"{""max_provider_spread"":6.0}",24,1.0,24,9,0.375,-5.379116476010509,-0.22412985316710454,1.267158872550691,-0.6496218054170142,0.6413922349326328,9.54492351515541,-21.516465904042036,38.17969406062164
probability_provider_spread,probability,True,february,2026-01-01,2026-01-31,2026-02-01,2026-02-28,"{""max_provider_spread"":2.0}",False,17,0.9259913842558134,0.1649170272431838,"{""max_provider_spread"":2.0}",27,0.5555555555555556,15,6,0.4,-4.371471139481844,-0.29143140929878963,0.9474991367157289,-0.6938695146481592,0.5142809845020172,5.03921568627451,-17.485884557927378,20.15686274509804
probability_provider_spread,probability,True,march,2026-02-01,2026-02-28,2026-03-01,2026-03-30,"{""max_provider_spread"":2.0}",False,15,-0.29143140929878963,-0.6938695146481592,"{""max_provider_spread"":2.0}",30,0.23333333333333334,7,3,0.42857142857142855,-0.05826249222475721,-0.008323213174965316,1.2694897675936712,-0.7976304541685642,0.9854343769438108,4.0,-0.23304996889902885,16.0
probability_provider_spread,probability,True,april,2026-03-01,2026-03-30,2026-04-01,2026-04-30,"{""max_provider_spread"":6.0}",False,23,0.1579298020465184,-0.3035117535678461,"{""max_provider_spread"":6.0}",30,0.7,21,8,0.38095238095238093,10.642125198198434,0.5067678665808778,2.538983802428484,-0.40464716134592327,1.8186250152460335,5.0,42.568500792793735,20.0
probability_provider_spread,probability,True,may,2026-04-01,2026-04-30,2026-05-01,2026-05-31,"{""max_provider_spread"":6.0}",False,21,0.5067678665808778,-0.40464716134592327,"{""max_provider_spread"":6.0}",26,0.8076923076923077,21,8,0.38095238095238093,-2.606267158036108,-0.12410795990648134,1.2729386329133177,-0.5810527417345939,0.7995179109202994,8.100370470846027,-10.425068632144432,32.40148188338411
probability_provider_spread,probability,True,june,2026-05-01,2026-05-31,2026-06-01,2026-06-30,"{""max_provider_spread"":6.0}",False,21,-0.12410795990648134,-0.5810527417345939,"{""max_provider_spread"":6.0}",30,0.8333333333333334,25,12,0.48,1.606408057223071,0.06425632228892283,1.198866464447247,-0.33017074451422146,1.1235698505556209,6.0,6.425632228892284,24.0
probability_provider_spread,probability,True,july,2026-06-01,2026-06-30,2026-07-01,2026-07-25,"{""max_provider_spread"":6.0}",False,25,0.06425632228892283,-0.33017074451422146,"{""max_provider_spread"":6.0}",24,1.0,24,9,0.375,-5.379116476010509,-0.22412985316710454,1.267158872550691,-0.6496218054170142,0.6413922349326328,9.54492351515541,-21.516465904042036,38.17969406062164
point_provider_spread_edge,point,True,february,2026-01-01,2026-01-31,2026-02-01,2026-02-28,"{""max_provider_spread"":8.0,""min_edge"":0.0}",False,15,1.0675404931691403,0.059871627426906215,"{""max_provider_spread"":8.0,""min_edge"":0.0}",27,0.7037037037037037,19,8,0.42105263157894735,29.02767033009122,1.5277721226363798,5.827598097164253,-0.6714986092627853,3.6388791209173834,4.7058823529411775,116.11068132036488,18.82352941176471
point_provider_spread_edge,point,True,march,2026-02-01,2026-02-28,2026-03-01,2026-03-30,"{""max_provider_spread"":3.0,""min_edge"":0.0}",False,17,1.8251570782406599,-0.6119438831364252,"{""max_provider_spread"":3.0,""min_edge"":0.0}",30,0.3,9,3,0.3333333333333333,-0.343864468864469,-0.03820716320716322,1.4740107472310526,-0.8464563896055237,0.9426892551892552,4.802197802197803,-1.375457875457876,19.20879120879121
point_provider_spread_edge,point,True,april,2026-03-01,2026-03-30,2026-04-01,2026-04-30,"{""max_provider_spread"":8.0,""min_edge"":0.0}",False,19,0.17284533040554445,-0.5620775212265483,"{""max_provider_spread"":8.0,""min_edge"":0.0}",30,0.4,12,2,0.16666666666666666,-4.933518922842288,-0.411126576903524,1.4213591497207079,-1.0860882440420283,0.5066481077157712,6.0,-19.734075691369153,24.0
point_provider_spread_edge,point,True,may,2026-04-01,2026-04-30,2026-05-01,2026-05-31,"{""max_provider_spread"":8.0,""min_edge"":0.0}",False,12,-0.411126576903524,-1.0860882440420283,"{""max_provider_spread"":8.0,""min_edge"":0.0}",26,0.5,13,4,0.3076923076923077,-5.776923548498846,-0.4443787344999113,0.925101417397935,-0.8664478483065836,0.3581196057223504,5.776923548498846,-23.107694193995385,23.107694193995385
point_provider_spread_edge,point,True,june,2026-05-01,2026-05-31,2026-06-01,2026-06-30,"{""max_provider_spread"":6.0,""min_edge"":0.0}",False,12,-0.39807696237490386,-0.8493814536639548,"{""max_provider_spread"":6.0,""min_edge"":0.0}",30,0.4666666666666667,14,7,0.5,5.71635829130604,0.40831130652186004,1.5233510273286077,-0.26142196430445647,1.81662261304372,3.0,22.86543316522416,12.0
point_provider_spread_edge,point,True,july,2026-06-01,2026-06-30,2026-07-01,2026-07-25,"{""max_provider_spread"":6.0,""min_edge"":0.0}",False,14,0.40831130652186004,-0.26142196430445647,"{""max_provider_spread"":6.0,""min_edge"":0.0}",24,0.5416666666666666,13,4,0.3076923076923077,-1.0258931506085678,-0.0789148577391206,1.61402128437844,-0.8152973995352737,0.8860118721546036,5.285733351961989,-4.103572602434271,21.142933407847956
probability_provider_spread_edge,probability,True,february,2026-01-01,2026-01-31,2026-02-01,2026-02-28,"{""max_provider_spread"":5.0,""min_edge"":0.0}",False,15,1.3401422875100655,-0.1679998236170841,"{""max_provider_spread"":5.0,""min_edge"":0.0}",27,0.5925925925925926,16,8,0.5,32.02767033009121,2.0017293956307007,6.26382805649167,-0.5742698926014986,5.003458791261402,3.7058823529411775,128.11068132036485,14.82352941176471
probability_provider_spread_edge,probability,True,march,2026-02-01,2026-02-28,2026-03-01,2026-03-30,"{""max_provider_spread"":3.0,""min_edge"":0.0}",False,15,2.201844688672748,-0.5294358069736975,"{""max_provider_spread"":3.0,""min_edge"":0.0}",30,0.3333333333333333,10,4,0.4,1.5132783882783878,0.1513278388278388,1.513449995257264,-0.6359607897316268,1.2522130647130647,4.802197802197803,6.053113553113551,19.20879120879121
probability_provider_spread_edge,probability,True,april,2026-03-01,2026-03-30,2026-04-01,2026-04-30,"{""max_provider_spread"":8.0,""min_edge"":0.0}",False,20,-0.07627312659092325,-0.6169474855396457,"{""max_provider_spread"":8.0,""min_edge"":0.0}",30,0.5333333333333333,16,5,0.3125,9.291337282882356,0.5807085801801473,2.846949133743775,-0.5900992510719802,1.8446670257165778,5.0,37.165349131529425,20.0
probability_provider_spread_edge,probability,True,may,2026-04-01,2026-04-30,2026-05-01,2026-05-31,"{""max_provider_spread"":6.0,""min_edge"":0.0}",False,14,0.806524091634454,-0.5060006311125065,"{""max_provider_spread"":6.0,""min_edge"":0.0}",26,0.5,13,6,0.46153846153846156,1.391099777617991,0.10700767520138392,1.430960236811181,-0.5458549274117135,1.1987285396597132,3.1003704708460273,5.564399110471964,12.40148188338411
probability_provider_spread_edge,probability,True,june,2026-05-01,2026-05-31,2026-06-01,2026-06-30,"{""max_provider_spread"":6.0,""min_edge"":0.0}",False,13,0.10700767520138392,-0.5458549274117135,"{""max_provider_spread"":6.0,""min_edge"":0.0}",30,0.4666666666666667,14,6,0.42857142857142855,1.7832022777563186,0.12737159126830847,1.3776037945817048,-0.47828467488191406,1.2229002847195398,3.0,7.132809111025274,12.0
probability_provider_spread_edge,probability,True,july,2026-06-01,2026-06-30,2026-07-01,2026-07-25,"{""max_provider_spread"":6.0,""min_edge"":0.0}",False,14,0.12737159126830847,-0.47828467488191406,"{""max_provider_spread"":6.0,""min_edge"":0.0}",24,0.5416666666666666,13,4,0.3076923076923077,-1.0258931506085678,-0.0789148577391206,1.61402128437844,-0.8152973995352737,0.8860118721546036,5.285733351961989,-4.103572602434271,21.142933407847956
probability_confidence_spread_edge,probability,True,february,2026-01-01,2026-01-31,2026-02-01,2026-02-28,"{""max_provider_spread"":6.0,""min_confidence"":0.35,""min_edge"":0.0}",False,12,0.8899811720169811,-0.23263349517865295,"{""max_provider_spread"":6.0,""min_confidence"":0.35,""min_edge"":0.0}",27,0.4444444444444444,12,5,0.4166666666666667,-2.7161508605384848,-0.22634590504487373,1.0251215137119953,-0.7131459696524397,0.6119784484945022,6.591549295774648,-10.864603442153939,26.366197183098592
probability_confidence_spread_edge,probability,True,march,2026-02-01,2026-02-28,2026-03-01,2026-03-30,"{""max_provider_spread"":3.0,""min_confidence"":0.3,""min_edge"":0.0}",False,15,2.201844688672748,-0.5294358069736975,"{""max_provider_spread"":3.0,""min_confidence"":0.3,""min_edge"":0.0}",30,0.3333333333333333,10,4,0.4,1.5132783882783878,0.1513278388278388,1.513449995257264,-0.6359607897316268,1.2522130647130647,4.802197802197803,6.053113553113551,19.20879120879121
probability_confidence_spread_edge,probability,True,april,2026-03-01,2026-03-30,2026-04-01,2026-04-30,"{""max_provider_spread"":6.0,""min_confidence"":0.35,""min_edge"":0.0}",False,15,0.005647130647130627,-0.631008913968038,"{""max_provider_spread"":6.0,""min_confidence"":0.35,""min_edge"":0.0}",30,0.36666666666666664,11,3,0.2727272727272727,6.137101301480776,0.557918300134616,3.1796749996234195,-1.0191564987967499,1.767137662685097,4.0,24.548405205923103,16.0
probability_confidence_spread_edge,probability,True,may,2026-04-01,2026-04-30,2026-05-01,2026-05-31,"{""max_provider_spread"":6.0,""min_confidence"":0.3,""min_edge"":0.0}",False,14,0.806524091634454,-0.5060006311125065,"{""max_provider_spread"":6.0,""min_confidence"":0.3,""min_edge"":0.0}",26,0.5,13,6,0.46153846153846156,1.391099777617991,0.10700767520138392,1.430960236811181,-0.5458549274117135,1.1987285396597132,3.1003704708460273,5.564399110471964,12.40148188338411
probability_confidence_spread_edge,probability,True,june,2026-05-01,2026-05-31,2026-06-01,2026-06-30,"{""max_provider_spread"":6.0,""min_confidence"":0.3,""min_edge"":0.0}",False,13,0.10700767520138392,-0.5458549274117135,"{""max_provider_spread"":6.0,""min_confidence"":0.3,""min_edge"":0.0}",30,0.4666666666666667,14,6,0.42857142857142855,1.7832022777563186,0.12737159126830847,1.3776037945817048,-0.47828467488191406,1.2229002847195398,3.0,7.132809111025274,12.0
probability_confidence_spread_edge,probability,True,july,2026-06-01,2026-06-30,2026-07-01,2026-07-25,"{""max_provider_spread"":6.0,""min_confidence"":0.3,""min_edge"":0.0}",False,14,0.12737159126830847,-0.47828467488191406,"{""max_provider_spread"":6.0,""min_confidence"":0.3,""min_edge"":0.0}",24,0.5416666666666666,13,4,0.3076923076923077,-1.0258931506085678,-0.0789148577391206,1.61402128437844,-0.8152973995352737,0.8860118721546036,5.285733351961989,-4.103572602434271,21.142933407847956
notebook_policy_reference,probability,False,february,2026-01-01,2026-01-31,2026-02-01,2026-02-28,"{""notebook_policy"":1.0}",False,17,0.5203024646456725,0.10136967841626465,"{""notebook_policy"":1.0}",27,0.4074074074074074,11,4,0.36363636363636365,-3.8882838051421684,-0.3534803459220153,1.0021257240852064,-0.8505208374825686,0.4445308849796901,6.7062109760105155,-15.553135220568674,26.824843904042062
notebook_policy_reference,probability,False,march,2026-02-01,2026-02-28,2026-03-01,2026-03-30,"{""notebook_policy"":1.0}",False,11,-0.3534803459220153,-0.8505208374825686,"{""notebook_policy"":1.0}",30,0.5666666666666667,17,5,0.29411764705882354,-7.090776624776357,-0.4171045073397857,0.9553706475071276,-0.7982697885260504,0.4091019479353036,7.090776624776359,-28.363106499105427,28.363106499105434
notebook_policy_reference,probability,False,april,2026-03-01,2026-03-30,2026-04-01,2026-04-30,"{""notebook_policy"":1.0}",False,17,-0.4171045073397857,-0.7982697885260504,"{""notebook_policy"":1.0}",30,0.43333333333333335,13,5,0.38461538461538464,5.909184229602013,0.45455263304630866,2.892961524142869,-0.8653347693600281,1.7386480287002515,5.9105925483223025,23.63673691840805,23.64237019328921
notebook_policy_reference,probability,False,may,2026-04-01,2026-04-30,2026-05-01,2026-05-31,"{""notebook_policy"":1.0}",False,13,0.45455263304630866,-0.8653347693600281,"{""notebook_policy"":1.0}",26,0.38461538461538464,10,3,0.3,-1.7051681879946217,-0.17051681879946218,1.382542359278095,-0.8897079921929363,0.756404544572197,3.658840365103845,-6.820672751978487,14.63536146041538
notebook_policy_reference,probability,False,june,2026-05-01,2026-05-31,2026-06-01,2026-06-30,"{""notebook_policy"":1.0}",False,10,-0.17051681879946218,-0.8897079921929363,"{""notebook_policy"":1.0}",30,0.5666666666666667,17,8,0.47058823529411764,0.8124503204736888,0.04779119532198169,1.2003121111912052,-0.43109865184601104,1.0902722578304098,4.0,3.2498012818947553,16.0
notebook_policy_reference,probability,False,july,2026-06-01,2026-06-30,2026-07-01,2026-07-25,"{""notebook_policy"":1.0}",False,17,0.04779119532198169,-0.43109865184601104,"{""notebook_policy"":1.0}",24,0.7083333333333334,17,9,0.5294117647058824,1.6208835239894914,0.09534608964644067,1.3915365309317886,-0.4598367752213198,1.2026104404986864,2.5449235151554097,6.483534095957966,10.179694060621639
point_edge_price_cap,point,True,february,2026-01-01,2026-01-31,2026-02-01,2026-02-28,"{""max_price"":0.8,""min_edge"":0.0}",False,14,1.143071884816864,0.06892175866384997,"{""max_price"":0.8,""min_edge"":0.0}",27,0.7037037037037037,19,8,0.42105263157894735,29.02767033009122,1.5277721226363798,5.827598097164253,-0.6714986092627853,3.6388791209173834,4.7058823529411775,116.11068132036488,18.82352941176471
point_edge_price_cap,point,True,march,2026-02-01,2026-02-28,2026-03-01,2026-03-30,"{""max_price"":0.8,""min_edge"":-0.05}",False,21,1.4775081109567247,-0.5208214888465696,"{""max_price"":0.8,""min_edge"":-0.05}",30,0.7666666666666667,23,9,0.391304347826087,6.501471318644796,0.28267266602803465,1.834450808291277,-0.3465553552171101,1.4643908084746282,7.135531135531137,26.005885274579185,28.542124542124547
point_edge_price_cap,point,True,april,2026-03-01,2026-03-30,2026-04-01,2026-04-30,"{""max_price"":0.8,""min_edge"":-0.05}",False,23,0.28267266602803465,-0.3465553552171101,"{""max_price"":0.8,""min_edge"":-0.05}",30,0.5666666666666667,17,4,0.23529411764705882,-4.770536403429173,-0.28061978843701013,1.3970217283198743,-0.8379910885578812,0.633035661274679,8.0,-19.08214561371669,32.0
point_edge_price_cap,point,True,may,2026-04-01,2026-04-30,2026-05-01,2026-05-31,"{""max_price"":0.8,""min_edge"":-0.05}",False,17,-0.28061978843701013,-0.8379910885578812,"{""max_price"":0.8,""min_edge"":-0.05}",26,0.5,13,4,0.3076923076923077,-4.019311182147266,-0.3091777832420974,1.1074424708942876,-0.8144383454807158,0.5534098686503037,4.019311182147266,-16.077244728589065,16.077244728589065
point_edge_price_cap,point,True,june,2026-05-01,2026-05-31,2026-06-01,2026-06-30,"{""max_price"":0.8,""min_edge"":-0.05}",False,13,-0.3091777832420974,-0.8144383454807158,"{""max_price"":0.8,""min_edge"":-0.05}",30,0.6,18,7,0.3888888888888889,1.7163582913060398,0.0953532384058911,1.462032670093452,-0.4715210080051883,1.1560325719369127,4.0,6.865433165224159,16.0
point_edge_price_cap,point,True,july,2026-06-01,2026-06-30,2026-07-01,2026-07-25,"{""max_price"":0.8,""min_edge"":0.0}",False,14,0.40831130652186004,-0.26142196430445647,"{""max_price"":0.8,""min_edge"":0.0}",24,0.5416666666666666,13,4,0.3076923076923077,-1.0258931506085678,-0.0789148577391206,1.61402128437844,-0.8152973995352737,0.8860118721546036,5.285733351961989,-4.103572602434271,21.142933407847956
probability_edge_price_cap,probability,True,february,2026-01-01,2026-01-31,2026-02-01,2026-02-28,"{""max_price"":0.8,""min_edge"":-0.05}",False,17,1.1143461855530483,-0.24254540274994496,"{""max_price"":0.8,""min_edge"":-0.05}",27,0.7037037037037037,19,8,0.42105263157894735,29.02767033009122,1.5277721226363798,5.827598097164253,-0.6714986092627853,3.6388791209173834,5.7058823529411775,116.11068132036488,22.82352941176471
probability_edge_price_cap,probability,True,march,2026-02-01,2026-02-28,2026-03-01,2026-03-30,"{""max_price"":0.8,""min_edge"":0.0}",False,18,1.6682039072272898,-0.6439773140709759,"{""max_price"":0.8,""min_edge"":0.0}",30,0.7333333333333333,22,6,0.2727272727272727,-3.525462531818465,-0.1602482969008393,1.4243187934358283,-0.6597785166462505,0.779658591761346,7.0,-14.10185012727386,28.0
probability_edge_price_cap,probability,True,april,2026-03-01,2026-03-30,2026-04-01,2026-04-30,"{""max_price"":0.45,""min_edge"":-0.05}",False,21,0.014111576834123467,-0.520357514264946,"{""max_price"":0.45,""min_edge"":-0.05}",30,0.7333333333333333,22,6,0.2727272727272727,6.267804588249298,0.28490020855678627,2.5269318306159634,-0.6013331392349119,1.3917377867655811,10.0,25.071218352997192,40.0
probability_edge_price_cap,probability,True,may,2026-04-01,2026-04-30,2026-05-01,2026-05-31,"{""max_price"":0.8,""min_edge"":-0.05}",False,23,0.3241008609693683,-0.5251761192208704,"{""max_price"":0.8,""min_edge"":-0.05}",26,0.6538461538461539,17,6,0.35294117647058826,0.021325032380033804,0.0012544136694137532,1.4935101958943735,-0.594612996804263,1.0019386393072758,4.460549004088972,0.08530012952013521,17.84219601635589
probability_edge_price_cap,probability,True,june,2026-05-01,2026-05-31,2026-06-01,2026-06-30,"{""max_price"":0.8,""min_edge"":0.0}",False,16,0.06383281452375211,-0.5609784860890279,"{""max_price"":0.8,""min_edge"":0.0}",30,0.5666666666666667,17,6,0.35294117647058826,-1.2167977222436823,-0.07157633660256955,1.3184113115157623,-0.5975843520092898,0.8893820252505744,4.0,-4.867190888974729,16.0
probability_edge_price_cap,probability,True,july,2026-06-01,2026-06-30,2026-07-01,2026-07-25,"{""max_price"":0.8,""min_edge"":0.0}",False,17,-0.07157633660256955,-0.5975843520092898,"{""max_price"":0.8,""min_edge"":0.0}",24,0.5416666666666666,13,4,0.3076923076923077,-1.0258931506085678,-0.0789148577391206,1.61402128437844,-0.8152973995352737,0.8860118721546036,5.285733351961989,-4.103572602434271,21.142933407847956
probability_confidence_price_cap,probability,True,february,2026-01-01,2026-01-31,2026-02-01,2026-02-28,"{""max_price"":0.8,""min_confidence"":0.4}",False,12,0.7100425618670178,0.13460503240751165,"{""max_price"":0.8,""min_confidence"":0.4}",27,0.3333333333333333,9,2,0.2222222222222222,-4.182072829131653,-0.4646747587924059,1.0856324427613997,-1.0599632149065734,0.4025610244097639,7.0,-16.72829131652661,28.0
probability_confidence_price_cap,probability,True,march,2026-02-01,2026-02-28,2026-03-01,2026-03-30,"{""max_price"":0.6,""min_confidence"":0.3}",False,22,1.455126499627559,-0.44356671606805054,"{""max_price"":0.6,""min_confidence"":0.3}",30,0.9333333333333333,28,10,0.35714285714285715,-0.42126003804882384,-0.015045001358886565,1.3876483518277172,-0.44643126378090064,0.9765966645528431,7.0,-1.6850401521952953,28.0
probability_confidence_price_cap,probability,True,april,2026-03-01,2026-03-30,2026-04-01,2026-04-30,"{""max_price"":0.45,""min_confidence"":0.3}",False,21,0.014111576834123467,-0.520357514264946,"{""max_price"":0.45,""min_confidence"":0.3}",30,0.7333333333333333,22,6,0.2727272727272727,6.267804588249298,0.28490020855678627,2.5269318306159634,-0.6013331392349119,1.3917377867655811,9.0,25.071218352997192,36.0
probability_confidence_price_cap,probability,True,may,2026-04-01,2026-04-30,2026-05-01,2026-05-31,"{""max_price"":0.8,""min_confidence"":0.3}",False,24,0.3392914809491578,-0.47421320165257724,"{""max_price"":0.8,""min_confidence"":0.3}",26,0.9230769230769231,24,8,0.3333333333333333,-2.976041903274065,-0.1240017459697527,1.3566333755517455,-0.5795378243219211,0.813997381045371,8.460549004088971,-11.90416761309626,33.842196016355885
probability_confidence_price_cap,probability,True,june,2026-05-01,2026-05-31,2026-06-01,2026-06-30,"{""max_price"":0.8,""min_confidence"":0.35}",False,18,-0.05969952939029177,-0.5576087585288005,"{""max_price"":0.8,""min_confidence"":0.35}",30,0.9,27,10,0.37037037037037035,-4.664672792705119,-0.17276565898907847,1.134573775534948,-0.5319494759608698,0.7256074827820518,6.0,-18.658691170820475,24.0
probability_confidence_price_cap,probability,True,july,2026-06-01,2026-06-30,2026-07-01,2026-07-25,"{""max_price"":0.8,""min_confidence"":0.4}",False,19,-0.06250261471191111,-0.5074072203660461,"{""max_price"":0.8,""min_confidence"":0.4}",24,0.5833333333333334,14,6,0.42857142857142855,1.158322487407686,0.08273732052912043,1.5431370971649296,-0.5956947918842962,1.1447903109259607,2.7623851850258805,4.633289949630744,11.049540740103522
probability_confidence_edge_price_cap,probability,True,february,2026-01-01,2026-01-31,2026-02-01,2026-02-28,"{""max_price"":0.8,""min_confidence"":0.3,""min_edge"":0.0}",False,13,0.666897927238674,-0.4127540274468625,"{""max_price"":0.8,""min_confidence"":0.3,""min_edge"":0.0}",27,0.6666666666666666,18,8,0.4444444444444444,30.02767033009122,1.6682039072272898,5.963376368068803,-0.6439773140709759,4.002767033009122,4.7058823529411775,120.11068132036488,18.82352941176471
probability_confidence_edge_price_cap,probability,True,march,2026-02-01,2026-02-28,2026-03-01,2026-03-30,"{""max_price"":0.8,""min_confidence"":0.3,""min_edge"":0.0}",False,18,1.6682039072272898,-0.6439773140709759,"{""max_price"":0.8,""min_confidence"":0.3,""min_edge"":0.0}",30,0.7333333333333333,22,6,0.2727272727272727,-3.525462531818465,-0.1602482969008393,1.4243187934358283,-0.6597785166462505,0.779658591761346,7.0,-14.10185012727386,28.0
probability_confidence_edge_price_cap,probability,True,april,2026-03-01,2026-03-30,2026-04-01,2026-04-30,"{""max_price"":0.8,""min_confidence"":0.3,""min_edge"":0.0}",False,22,-0.1602482969008393,-0.6597785166462505,"{""max_price"":0.8,""min_confidence"":0.3,""min_edge"":0.0}",30,0.6,18,5,0.2777777777777778,7.291337282882356,0.40507429349346424,2.7226589137966477,-0.6505828416471816,1.5608720986832583,7.0,29.165349131529425,28.0
probability_confidence_edge_price_cap,probability,True,may,2026-04-01,2026-04-30,2026-05-01,2026-05-31,"{""max_price"":0.8,""min_confidence"":0.3,""min_edge"":0.0}",False,18,0.40507429349346424,-0.6505828416471816,"{""max_price"":0.8,""min_confidence"":0.3,""min_edge"":0.0}",26,0.6153846153846154,16,6,0.375,1.0213250323800338,0.06383281452375211,1.519297995411015,-0.5609784860890279,1.1021325032380034,3.460549004088972,4.085300129520135,13.842196016355889
probability_confidence_edge_price_cap,probability,True,june,2026-05-01,2026-05-31,2026-06-01,2026-06-30,"{""max_price"":0.8,""min_confidence"":0.3,""min_edge"":0.0}",False,16,0.06383281452375211,-0.5609784860890279,"{""max_price"":0.8,""min_confidence"":0.3,""min_edge"":0.0}",30,0.5666666666666667,17,6,0.35294117647058826,-1.2167977222436823,-0.07157633660256955,1.3184113115157623,-0.5975843520092898,0.8893820252505744,4.0,-4.867190888974729,16.0
probability_confidence_edge_price_cap,probability,True,july,2026-06-01,2026-06-30,2026-07-01,2026-07-25,"{""max_price"":0.8,""min_confidence"":0.3,""min_edge"":0.0}",False,17,-0.07157633660256955,-0.5975843520092898,"{""max_price"":0.8,""min_confidence"":0.3,""min_edge"":0.0}",24,0.5416666666666666,13,4,0.3076923076923077,-1.0258931506085678,-0.0789148577391206,1.61402128437844,-0.8152973995352737,0.8860118721546036,5.285733351961989,-4.103572602434271,21.142933407847956
point_provider_spread_price_cap,point,True,february,2026-01-01,2026-01-31,2026-02-01,2026-02-28,"{""max_price"":0.6,""max_provider_spread"":2.0}",False,12,1.727815368230428,0.6658357868739535,"{""max_price"":0.6,""max_provider_spread"":2.0}",27,0.48148148148148145,13,3,0.23076923076923078,-7.018201339941918,-0.5398616415339936,0.8745634904101324,-0.9388732854717243,0.29817986600580826,7.018201339941918,-28.07280535976767,28.07280535976767
point_provider_spread_price_cap,point,True,march,2026-02-01,2026-02-28,2026-03-01,2026-03-30,"{""max_price"":0.6,""max_provider_spread"":8.0}",False,22,1.4230409381302331,-0.4885199546614032,"{""max_price"":0.6,""max_provider_spread"":8.0}",30,0.9,27,10,0.37037037037037035,4.3882637714749855,0.16252828783240686,1.7425179282236216,-0.38911873071959174,1.2581331630279404,9.135531135531137,17.553055085899942,36.54212454212455
point_provider_spread_price_cap,point,True,april,2026-03-01,2026-03-30,2026-04-01,2026-04-30,"{""max_price"":0.8,""max_provider_spread"":4.0}",False,22,0.027529633938737027,-0.4435934633672786,"{""max_price"":0.8,""max_provider_spread"":4.0}",30,0.4,12,2,0.16666666666666666,-4.933518922842288,-0.411126576903524,1.4213591497207076,-1.0860882440420283,0.5066481077157712,5.0,-19.734075691369153,20.0
point_provider_spread_price_cap,point,True,may,2026-04-01,2026-04-30,2026-05-01,2026-05-31,"{""max_price"":0.6,""max_provider_spread"":8.0}",False,21,-0.27802180950726924,-0.7707060153126393,"{""max_price"":0.6,""max_provider_spread"":8.0}",26,0.7692307692307693,20,5,0.25,-8.038155429055312,-0.40190777145276557,1.0696184164066667,-0.7953489174049422,0.46412297139631253,9.08956898120609,-32.15262171622125,36.35827592482436
point_provider_spread_price_cap,point,True,june,2026-05-01,2026-05-31,2026-06-01,2026-06-30,"{""max_price"":0.8,""max_provider_spread"":6.0}",False,20,-0.3239842767398747,-0.7214157777637971,"{""max_price"":0.8,""max_provider_spread"":6.0}",30,0.7666666666666667,23,12,0.5217391304347826,6.337956921210253,0.2755633444004458,1.3384898412844328,-0.18354698468634179,1.5761779019282047,6.0,25.351827684841012,24.0
point_provider_spread_price_cap,point,True,july,2026-06-01,2026-06-30,2026-07-01,2026-07-25,"{""max_price"":0.8,""max_provider_spread"":6.0}",False,23,0.2755633444004458,-0.18354698468634179,"{""max_price"":0.8,""max_provider_spread"":6.0}",24,0.875,21,6,0.2857142857142857,-5.841677512592314,-0.27817511964725306,1.3495807583526926,-0.7626320048731441,0.6105548324938457,9.762385185025881,-23.366710050369257,39.049540740103524
probability_provider_spread_price_cap,probability,True,february,2026-01-01,2026-01-31,2026-02-01,2026-02-28,"{""max_price"":0.6,""max_provider_spread"":2.0}",False,12,1.2648524052674652,0.23349728946771586,"{""max_price"":0.6,""max_provider_spread"":2.0}",27,0.48148148148148145,13,4,0.3076923076923077,-4.665260163471329,-0.35886616642087144,1.0051301357646023,-0.817447655632946,0.4816377596142968,5.03921568627451,-18.661040653885316,20.15686274509804
probability_provider_spread_price_cap,probability,True,march,2026-02-01,2026-02-28,2026-03-01,2026-03-30,"{""max_price"":0.8,""max_provider_spread"":3.0}",False,22,1.5797530467893173,-0.30338578420591555,"{""max_price"":0.8,""max_provider_spread"":3.0}",30,0.5,15,7,0.4666666666666667,3.26453970557744,0.21763598037182935,1.39212598412051,-0.3736516754660782,1.4080674631971801,5.135531135531136,13.05815882230976,20.542124542124544
probability_provider_spread_price_cap,probability,True,april,2026-03-01,2026-03-30,2026-04-01,2026-04-30,"{""max_price"":0.8,""max_provider_spread"":6.0}",False,22,0.15739976380886686,-0.32551468328054145,"{""max_price"":0.8,""max_provider_spread"":6.0}",30,0.6333333333333333,19,7,0.3684210526315789,11.454319802295473,0.6028589369629196,2.649751058916104,-0.3971276533149374,1.9545266501912895,5.0,45.81727920918189,20.0
probability_provider_spread_price_cap,probability,True,may,2026-04-01,2026-04-30,2026-05-01,2026-05-31,"{""max_price"":0.8,""max_provider_spread"":6.0}",False,19,0.6028589369629196,-0.3971276533149374,"{""max_price"":0.8,""max_provider_spread"":6.0}",26,0.7692307692307693,20,7,0.35,-2.61586337003112,-0.130793168501556,1.3056292013593225,-0.6110469125396859,0.798779740766837,8.100370470846027,-10.46345348012448,32.40148188338411
probability_provider_spread_price_cap,probability,True,june,2026-05-01,2026-05-31,2026-06-01,2026-06-30,"{""max_price"":0.8,""max_provider_spread"":6.0}",False,20,-0.130793168501556,-0.6110469125396859,"{""max_price"":0.8,""max_provider_spread"":6.0}",30,0.7666666666666667,23,11,0.4782608695652174,2.4048009076605315,0.1045565612026318,1.2304078759730923,-0.31748098247188933,1.2004000756383777,6.0,9.619203630642126,24.0
probability_provider_spread_price_cap,probability,True,july,2026-06-01,2026-06-30,2026-07-01,2026-07-25,"{""max_price"":0.8,""max_provider_spread"":6.0}",False,23,0.1045565612026318,-0.31748098247188933,"{""max_price"":0.8,""max_provider_spread"":6.0}",24,0.875,21,6,0.2857142857142857,-5.841677512592314,-0.27817511964725306,1.3495807583526926,-0.7626320048731441,0.6105548324938457,9.762385185025881,-23.366710050369257,39.049540740103524
point_provider_spread_edge_price_cap,point,True,february,2026-01-01,2026-01-31,2026-02-01,2026-02-28,"{""max_price"":0.8,""max_provider_spread"":8.0,""min_edge"":0.0}",False,14,1.143071884816864,0.06892175866384997,"{""max_price"":0.8,""max_provider_spread"":8.0,""min_edge"":0.0}",27,0.7037037037037037,19,8,0.42105263157894735,29.02767033009122,1.5277721226363798,5.827598097164253,-0.6714986092627853,3.6388791209173834,4.7058823529411775,116.11068132036488,18.82352941176471
point_provider_spread_edge_price_cap,point,True,march,2026-02-01,2026-02-28,2026-03-01,2026-03-30,"{""max_price"":0.8,""max_provider_spread"":3.0,""min_edge"":0.0}",False,17,1.8251570782406599,-0.6119438831364252,"{""max_price"":0.8,""max_provider_spread"":3.0,""min_edge"":0.0}",30,0.3,9,3,0.3333333333333333,-0.343864468864469,-0.03820716320716322,1.4740107472310526,-0.8464563896055237,0.9426892551892552,4.802197802197803,-1.375457875457876,19.20879120879121
point_provider_spread_edge_price_cap,point,True,april,2026-03-01,2026-03-30,2026-04-01,2026-04-30,"{""max_price"":0.4,""max_provider_spread"":8.0,""min_edge"":0.0}",False,15,0.3390839386602098,-0.5595571325395324,"{""max_price"":0.4,""max_provider_spread"":8.0,""min_edge"":0.0}",30,0.4,12,2,0.16666666666666666,-4.933518922842288,-0.411126576903524,1.4213591497207079,-1.0860882440420283,0.5066481077157712,6.0,-19.734075691369153,24.0
point_provider_spread_edge_price_cap,point,True,may,2026-04-01,2026-04-30,2026-05-01,2026-05-31,"{""max_price"":0.8,""max_provider_spread"":8.0,""min_edge"":0.0}",False,12,-0.411126576903524,-1.0860882440420283,"{""max_price"":0.8,""max_provider_spread"":8.0,""min_edge"":0.0}",26,0.46153846153846156,12,3,0.25,-5.786519760493858,-0.48220998004115484,0.9556760529472189,-0.9360324372774906,0.35705335994512677,5.786519760493858,-23.146079041975433,23.146079041975433
point_provider_spread_edge_price_cap,point,True,june,2026-05-01,2026-05-31,2026-06-01,2026-06-30,"{""max_price"":0.8,""max_provider_spread"":8.0,""min_edge"":0.0}",False,12,-0.48220998004115484,-0.9360324372774906,"{""max_price"":0.8,""max_provider_spread"":8.0,""min_edge"":0.0}",30,0.4666666666666667,14,7,0.5,5.71635829130604,0.40831130652186004,1.5233510273286077,-0.26142196430445647,1.81662261304372,3.0,22.86543316522416,12.0
point_provider_spread_edge_price_cap,point,True,july,2026-06-01,2026-06-30,2026-07-01,2026-07-25,"{""max_price"":0.8,""max_provider_spread"":6.0,""min_edge"":0.0}",False,13,0.51664294548508,-0.18067310693186966,"{""max_price"":0.8,""max_provider_spread"":6.0,""min_edge"":0.0}",24,0.5416666666666666,13,4,0.3076923076923077,-1.0258931506085678,-0.0789148577391206,1.61402128437844,-0.8152973995352737,0.8860118721546036,5.285733351961989,-4.103572602434271,21.142933407847956
probability_provider_spread_edge_price_cap,probability,True,february,2026-01-01,2026-01-31,2026-02-01,2026-02-28,"{""max_price"":0.8,""max_provider_spread"":5.0,""min_edge"":0.0}",False,14,1.4351452358964265,-0.17613802089797037,"{""max_price"":0.8,""max_provider_spread"":5.0,""min_edge"":0.0}",27,0.5925925925925926,16,8,0.5,32.02767033009121,2.0017293956307007,6.26382805649167,-0.5742698926014986,5.003458791261402,3.7058823529411775,128.11068132036485,14.82352941176471
probability_provider_spread_edge_price_cap,probability,True,march,2026-02-01,2026-02-28,2026-03-01,2026-03-30,"{""max_price"":0.8,""max_provider_spread"":3.0,""min_edge"":0.0}",False,15,2.201844688672748,-0.5294358069736975,"{""max_price"":0.8,""max_provider_spread"":3.0,""min_edge"":0.0}",30,0.3333333333333333,10,4,0.4,1.5132783882783878,0.1513278388278388,1.513449995257264,-0.6359607897316268,1.2522130647130647,4.802197802197803,6.053113553113551,19.20879120879121
probability_provider_spread_edge_price_cap,probability,True,april,2026-03-01,2026-03-30,2026-04-01,2026-04-30,"{""max_price"":0.8,""max_provider_spread"":8.0,""min_edge"":0.0}",False,20,-0.07627312659092325,-0.6169474855396457,"{""max_price"":0.8,""max_provider_spread"":8.0,""min_edge"":0.0}",30,0.5333333333333333,16,5,0.3125,9.291337282882356,0.5807085801801473,2.846949133743775,-0.5900992510719802,1.8446670257165778,5.0,37.165349131529425,20.0
probability_provider_spread_edge_price_cap,probability,True,may,2026-04-01,2026-04-30,2026-05-01,2026-05-31,"{""max_price"":0.8,""max_provider_spread"":6.0,""min_edge"":0.0}",False,14,0.806524091634454,-0.5060006311125065,"{""max_price"":0.8,""max_provider_spread"":6.0,""min_edge"":0.0}",26,0.46153846153846156,12,5,0.4166666666666667,1.3815035656229786,0.11512529713524822,1.4942765549505035,-0.5944627017132872,1.197357652231854,3.1003704708460273,5.526014262491914,12.40148188338411
probability_provider_spread_edge_price_cap,probability,True,june,2026-05-01,2026-05-31,2026-06-01,2026-06-30,"{""max_price"":0.8,""max_provider_spread"":6.0,""min_edge"":0.0}",False,12,0.11512529713524822,-0.5944627017132872,"{""max_price"":0.8,""max_provider_spread"":6.0,""min_edge"":0.0}",30,0.43333333333333335,13,6,0.46153846153846156,2.7832022777563186,0.2140924829043322,1.3935137069831223,-0.42168548081142226,1.39760032539376,3.0,11.132809111025274,12.0
probability_provider_spread_edge_price_cap,probability,True,july,2026-06-01,2026-06-30,2026-07-01,2026-07-25,"{""max_price"":0.8,""max_provider_spread"":6.0,""min_edge"":0.0}",False,13,0.2140924829043322,-0.42168548081142226,"{""max_price"":0.8,""max_provider_spread"":6.0,""min_edge"":0.0}",24,0.5416666666666666,13,4,0.3076923076923077,-1.0258931506085678,-0.0789148577391206,1.61402128437844,-0.8152973995352737,0.8860118721546036,5.285733351961989,-4.103572602434271,21.142933407847956
probability_confidence_spread_edge_price_cap,probability,True,february,2026-01-01,2026-01-31,2026-02-01,2026-02-28,"{""max_price"":0.8,""max_provider_spread"":5.0,""min_confidence"":0.3,""min_edge"":0.0}",False,12,0.8058060878418969,-0.34131068906624007,"{""max_price"":0.8,""max_provider_spread"":5.0,""min_confidence"":0.3,""min_edge"":0.0}",27,0.5925925925925926,16,8,0.5,32.02767033009121,2.0017293956307007,6.26382805649167,-0.5742698926014986,5.003458791261402,3.7058823529411775,128.11068132036485,14.82352941176471
probability_confidence_spread_edge_price_cap,probability,True,march,2026-02-01,2026-02-28,2026-03-01,2026-03-30,"{""max_price"":0.8,""max_provider_spread"":3.0,""min_confidence"":0.3,""min_edge"":0.0}",False,15,2.201844688672748,-0.5294358069736975,"{""max_price"":0.8,""max_provider_spread"":3.0,""min_confidence"":0.3,""min_edge"":0.0}",30,0.3333333333333333,10,4,0.4,1.5132783882783878,0.1513278388278388,1.513449995257264,-0.6359607897316268,1.2522130647130647,4.802197802197803,6.053113553113551,19.20879120879121
probability_confidence_spread_edge_price_cap,probability,True,april,2026-03-01,2026-03-30,2026-04-01,2026-04-30,"{""max_price"":0.8,""max_provider_spread"":6.0,""min_confidence"":0.35,""min_edge"":0.0}",False,15,0.005647130647130627,-0.631008913968038,"{""max_price"":0.8,""max_provider_spread"":6.0,""min_confidence"":0.35,""min_edge"":0.0}",30,0.36666666666666664,11,3,0.2727272727272727,6.137101301480776,0.557918300134616,3.1796749996234195,-1.0191564987967499,1.767137662685097,4.0,24.548405205923103,16.0
probability_confidence_spread_edge_price_cap,probability,True,may,2026-04-01,2026-04-30,2026-05-01,2026-05-31,"{""max_price"":0.8,""max_provider_spread"":6.0,""min_confidence"":0.3,""min_edge"":0.0}",False,14,0.806524091634454,-0.5060006311125065,"{""max_price"":0.8,""max_provider_spread"":6.0,""min_confidence"":0.3,""min_edge"":0.0}",26,0.46153846153846156,12,5,0.4166666666666667,1.3815035656229786,0.11512529713524822,1.4942765549505035,-0.5944627017132872,1.197357652231854,3.1003704708460273,5.526014262491914,12.40148188338411
probability_confidence_spread_edge_price_cap,probability,True,june,2026-05-01,2026-05-31,2026-06-01,2026-06-30,"{""max_price"":0.8,""max_provider_spread"":6.0,""min_confidence"":0.3,""min_edge"":0.0}",False,12,0.11512529713524822,-0.5944627017132872,"{""max_price"":0.8,""max_provider_spread"":6.0,""min_confidence"":0.3,""min_edge"":0.0}",30,0.43333333333333335,13,6,0.46153846153846156,2.7832022777563186,0.2140924829043322,1.3935137069831223,-0.42168548081142226,1.39760032539376,3.0,11.132809111025274,12.0
probability_confidence_spread_edge_price_cap,probability,True,july,2026-06-01,2026-06-30,2026-07-01,2026-07-25,"{""max_price"":0.8,""max_provider_spread"":6.0,""min_confidence"":0.3,""min_edge"":0.0}",False,13,0.2140924829043322,-0.42168548081142226,"{""max_price"":0.8,""max_provider_spread"":6.0,""min_confidence"":0.3,""min_edge"":0.0}",24,0.5416666666666666,13,4,0.3076923076923077,-1.0258931506085678,-0.0789148577391206,1.61402128437844,-0.8152973995352737,0.8860118721546036,5.285733351961989,-4.103572602434271,21.142933407847956
