city,station_id,contract_date,event_slug,market_slug,bucket_label,model_yes_probability,model_no_probability,provider_spread_high_f,confidence_gate_passed,is_open_tail,is_point_bucket,is_recommended_bucket,no_win,fees_enabled,fee_rate,fee_exponent,entry_timestamp,no_reference_price,price_age_seconds,no_fill_price,fee_per_share,no_entry_cost,no_edge,no_available,no_net_return,fold,selected_parameters,risk_usdc,fixed_4_pnl_usdc,sized_pnl_usdc
Dallas,KDAL,2026-03-15,highest-temperature-in-dallas-on-march-15-2026,highest-temperature-in-dallas-on-march-15-2026-84-85f,84-85°F,0.14479866169233552,0.8552013383076644,7.854455566406244,True,False,False,False,False,False,0.0,1.0,1773591300,0.68,30.0,0.6900000000000001,0.0,0.6900000000000001,0.16520133830766437,True,-1.0,2026-03,"{""bucket_scope"":""all"",""exclude_open_tail"":true,""max_no_price"":0.85,""max_provider_spread_f"":100.0,""max_yes_probability"":0.25,""min_no_edge"":0.1,""require_confidence_gate"":true}",6.0,-4.0,-6.0
Dallas,KDAL,2026-03-16,highest-temperature-in-dallas-on-march-16-2026,highest-temperature-in-dallas-on-march-16-2026-50-51f,50-51°F,0.1038820381595793,0.8961179618404207,5.118640136718746,True,False,False,False,True,False,0.0,1.0,1773677700,0.6465,35.0,0.6565,0.0,0.6565,0.23961796184042072,True,0.5232292460015233,2026-03,"{""bucket_scope"":""all"",""exclude_open_tail"":true,""max_no_price"":0.85,""max_provider_spread_f"":100.0,""max_yes_probability"":0.25,""min_no_edge"":0.1,""require_confidence_gate"":true}",6.0,2.0929169840060933,3.13937547600914
Dallas,KDAL,2026-03-17,highest-temperature-in-dallas-on-march-17-2026,highest-temperature-in-dallas-on-march-17-2026-64-65f,64-65°F,0.10765973127644154,0.8923402687235584,7.856213378906254,True,False,False,False,True,False,0.0,1.0,1773764100,0.625,29.0,0.635,0.0,0.635,0.2573402687235584,True,0.5748031496062991,2026-03,"{""bucket_scope"":""all"",""exclude_open_tail"":true,""max_no_price"":0.85,""max_provider_spread_f"":100.0,""max_yes_probability"":0.25,""min_no_edge"":0.1,""require_confidence_gate"":true}",6.0,2.2992125984251963,3.4488188976377945
Dallas,KDAL,2026-03-19,highest-temperature-in-dallas-on-march-19-2026,highest-temperature-in-dallas-on-march-19-2026-86-87f,86-87°F,0.13400713518150853,0.8659928648184915,8.010461425781244,True,False,False,False,False,False,0.0,1.0,1773936900,0.64,29.0,0.65,0.0,0.65,0.21599286481849145,True,-1.0,2026-03,"{""bucket_scope"":""all"",""exclude_open_tail"":true,""max_no_price"":0.85,""max_provider_spread_f"":100.0,""max_yes_probability"":0.25,""min_no_edge"":0.1,""require_confidence_gate"":true}",6.0,-4.0,-6.0
Dallas,KDAL,2026-03-20,highest-temperature-in-dallas-on-march-20-2026,highest-temperature-in-dallas-on-march-20-2026-90-91f,90-91°F,0.14567169300571972,0.8543283069942803,9.705487060546872,True,False,False,False,True,False,0.0,1.0,1774023300,0.48,34.0,0.49,0.0,0.49,0.3643283069942803,True,1.0408163265306123,2026-03,"{""bucket_scope"":""all"",""exclude_open_tail"":true,""max_no_price"":0.85,""max_provider_spread_f"":100.0,""max_yes_probability"":0.25,""min_no_edge"":0.1,""require_confidence_gate"":true}",6.0,4.163265306122449,6.244897959183674
Dallas,KDAL,2026-03-21,highest-temperature-in-dallas-on-march-21-2026,highest-temperature-in-dallas-on-march-21-2026-92-93f,92-93°F,0.09573750887882457,0.9042624911211754,9.39605712890625,True,False,False,False,True,False,0.0,1.0,1774109700,0.56,34.0,0.5700000000000001,0.0,0.5700000000000001,0.33426249112117534,True,0.7543859649122806,2026-03,"{""bucket_scope"":""all"",""exclude_open_tail"":true,""max_no_price"":0.85,""max_provider_spread_f"":100.0,""max_yes_probability"":0.25,""min_no_edge"":0.1,""require_confidence_gate"":true}",6.0,3.0175438596491224,4.526315789473683
Dallas,KDAL,2026-03-23,highest-temperature-in-dallas-on-march-23-2026,highest-temperature-in-dallas-on-march-23-2026-78-79f,78-79°F,0.058404191580759685,0.9415958084192403,2.973339843750012,True,False,False,False,True,False,0.0,1.0,1774282500,0.5605,42.0,0.5705,0.0,0.5705,0.3710958084192403,True,0.7528483786152498,2026-03,"{""bucket_scope"":""all"",""exclude_open_tail"":true,""max_no_price"":0.85,""max_provider_spread_f"":100.0,""max_yes_probability"":0.25,""min_no_edge"":0.1,""require_confidence_gate"":true}",6.0,3.011393514460999,4.517090271691499
Dallas,KDAL,2026-03-28,highest-temperature-in-dallas-on-march-28-2026,highest-temperature-in-dallas-on-march-28-2026-64-65f,64-65°F,0.03294686142960623,0.9670531385703938,6.567407226562601,True,False,False,False,True,False,0.0,1.0,1774714500,0.8,28.0,0.81,0.0,0.81,0.1570531385703937,True,0.23456790123456783,2026-03,"{""bucket_scope"":""all"",""exclude_open_tail"":true,""max_no_price"":0.85,""max_provider_spread_f"":100.0,""max_yes_probability"":0.25,""min_no_edge"":0.1,""require_confidence_gate"":true}",6.0,0.9382716049382713,1.407407407407407
Dallas,KDAL,2026-03-30,highest-temperature-in-dallas-on-march-30-2026,highest-temperature-in-dallas-on-march-30-2026-84-85f,84-85°F,0.21814151110533048,0.7818584888946696,7.474987792968747,True,False,False,False,True,True,0.05,1.0,1774887300,0.46,10.0,0.47000000000000003,0.012455,0.482455,0.29940348889466956,True,1.0727321719124063,2026-03,"{""bucket_scope"":""all"",""exclude_open_tail"":true,""max_no_price"":0.85,""max_provider_spread_f"":100.0,""max_yes_probability"":0.25,""min_no_edge"":0.1,""require_confidence_gate"":true}",6.0,4.290928687649625,6.436393031474438
Dallas,KDAL,2026-04-16,highest-temperature-in-dallas-on-april-16-2026,highest-temperature-in-dallas-on-april-16-2026-86-87f,86-87°F,0.0835269203754809,0.9164730796245191,6.121307373046875,False,False,False,False,True,True,0.05,1.0,1776356100,0.6,17.0,0.61,0.011895000000000001,0.621895,0.2945780796245191,True,0.6079884868024346,2026-04,"{""bucket_scope"":""all"",""exclude_open_tail"":true,""max_no_price"":0.65,""max_provider_spread_f"":8.0,""max_yes_probability"":0.4,""min_no_edge"":0.2,""require_confidence_gate"":false}",6.0,2.4319539472097382,3.6479309208146073
Dallas,KDAL,2026-04-28,highest-temperature-in-dallas-on-april-28-2026,highest-temperature-in-dallas-on-april-28-2026-88-89f,88-89°F,0.12841155420172037,0.8715884457982797,4.558886718750003,False,False,False,False,True,True,0.05,1.0,1777392900,0.355,56.0,0.365,0.011588750000000002,0.37658874999999997,0.4949996957982797,True,1.6554165518752222,2026-04,"{""bucket_scope"":""all"",""exclude_open_tail"":true,""max_no_price"":0.65,""max_provider_spread_f"":8.0,""max_yes_probability"":0.4,""min_no_edge"":0.2,""require_confidence_gate"":false}",6.0,6.621666207500889,9.932499311251334
Dallas,KDAL,2026-05-07,highest-temperature-in-dallas-on-may-7-2026,highest-temperature-in-dallas-on-may-7-2026-76-77f,76-77°F,0.12621497892472694,0.8737850210752731,4.598217773437497,True,False,False,False,True,True,0.05,1.0,1778170500,0.65,50.0,0.66,0.01122,0.67122,0.20256502107527308,True,0.4898244986740561,2026-05,"{""bucket_scope"":""all"",""exclude_open_tail"":false,""max_no_price"":0.95,""max_provider_spread_f"":8.0,""max_yes_probability"":0.4,""min_no_edge"":0.15,""require_confidence_gate"":false}",6.0,1.9592979946962243,2.9389469920443365
Dallas,KDAL,2026-05-11,highest-temperature-in-dallas-on-may-11-2026,highest-temperature-in-dallas-on-may-11-2026-78-79f,78-79°F,0.10151089352933854,0.8984891064706615,2.5568481445312443,False,False,False,False,False,True,0.05,1.0,1778516100,0.645,55.0,0.655,0.01129875,0.66629875,0.23219035647066144,True,-1.0,2026-05,"{""bucket_scope"":""all"",""exclude_open_tail"":false,""max_no_price"":0.95,""max_provider_spread_f"":8.0,""max_yes_probability"":0.4,""min_no_edge"":0.15,""require_confidence_gate"":false}",6.0,-4.0,-6.0
Dallas,KDAL,2026-05-12,highest-temperature-in-dallas-on-may-12-2026,highest-temperature-in-dallas-on-may-12-2026-84-85f,84-85°F,0.12263651385129644,0.8773634861487035,3.734033203124895,True,False,False,False,True,True,0.05,1.0,1778602500,0.59,53.0,0.6,0.012,0.612,0.26536348614870353,True,0.6339869281045751,2026-05,"{""bucket_scope"":""all"",""exclude_open_tail"":false,""max_no_price"":0.95,""max_provider_spread_f"":8.0,""max_yes_probability"":0.4,""min_no_edge"":0.15,""require_confidence_gate"":false}",6.0,2.5359477124183005,3.803921568627451
Dallas,KDAL,2026-05-21,highest-temperature-in-dallas-on-may-21-2026,highest-temperature-in-dallas-on-may-21-2026-78-79f,78-79°F,0.10826896362501984,0.8917310363749802,3.946398925781253,False,False,False,False,True,True,0.05,1.0,1779380100,0.605,54.0,0.615,0.011838750000000002,0.62683875,0.2648922863749802,True,0.5953066079593834,2026-05,"{""bucket_scope"":""all"",""exclude_open_tail"":false,""max_no_price"":0.95,""max_provider_spread_f"":8.0,""max_yes_probability"":0.4,""min_no_edge"":0.15,""require_confidence_gate"":false}",6.0,2.3812264318375336,3.5718396477563004
Dallas,KDAL,2026-05-25,highest-temperature-in-dallas-on-may-25-2026,highest-temperature-in-dallas-on-may-25-2026-84-85f,84-85°F,0.07999262410555302,0.9200073758944469,4.944342041015631,False,False,False,False,True,True,0.05,1.0,1779725700,0.585,56.0,0.595,0.01204875,0.60704875,0.3129586258944469,True,0.6473141572237813,2026-05,"{""bucket_scope"":""all"",""exclude_open_tail"":false,""max_no_price"":0.95,""max_provider_spread_f"":8.0,""max_yes_probability"":0.4,""min_no_edge"":0.15,""require_confidence_gate"":false}",6.0,2.589256628895125,3.8838849433426876
Dallas,KDAL,2026-05-26,highest-temperature-in-dallas-on-may-26-2026,highest-temperature-in-dallas-on-may-26-2026-84-85f,84-85°F,0.14190408306962682,0.8580959169303732,3.6762451171875057,True,False,False,False,True,True,0.05,1.0,1779812100,0.6,56.0,0.61,0.011895000000000001,0.621895,0.23620091693037326,True,0.6079884868024346,2026-05,"{""bucket_scope"":""all"",""exclude_open_tail"":false,""max_no_price"":0.95,""max_provider_spread_f"":8.0,""max_yes_probability"":0.4,""min_no_edge"":0.15,""require_confidence_gate"":false}",6.0,2.4319539472097382,3.6479309208146073
Dallas,KDAL,2026-06-03,highest-temperature-in-dallas-on-june-3-2026,highest-temperature-in-dallas-on-june-3-2026-90-91f,90-91°F,0.14652744681642607,0.853472553183574,6.7412109375,False,False,False,False,True,True,0.05,1.0,1780503300,0.51,53.0,0.52,0.01248,0.5324800000000001,0.3209925531835739,True,0.8780048076923075,2026-06,"{""bucket_scope"":""all"",""exclude_open_tail"":true,""max_no_price"":0.65,""max_provider_spread_f"":100.0,""max_yes_probability"":0.4,""min_no_edge"":0.15,""require_confidence_gate"":false}",6.0,3.51201923076923,5.268028846153845
Dallas,KDAL,2026-06-09,highest-temperature-in-dallas-on-june-9-2026,highest-temperature-in-dallas-on-june-9-2026-92-93f,92-93°F,0.3345742663076512,0.6654257336923488,6.942590332031244,False,False,True,False,False,True,0.05,1.0,1781021700,0.48,53.0,0.49,0.012495000000000001,0.502495,0.16293073369234878,True,-1.0,2026-06,"{""bucket_scope"":""all"",""exclude_open_tail"":true,""max_no_price"":0.65,""max_provider_spread_f"":100.0,""max_yes_probability"":0.4,""min_no_edge"":0.15,""require_confidence_gate"":false}",6.0,-4.0,-6.0
Dallas,KDAL,2026-06-12,highest-temperature-in-dallas-on-june-12-2026,highest-temperature-in-dallas-on-june-12-2026-90-91f,90-91°F,0.24490576945508535,0.7550942305449146,5.587152099609384,False,False,False,False,True,True,0.05,1.0,1781280900,0.54,53.0,0.55,0.012375,0.5623750000000001,0.19271923054491458,True,0.7781729273171814,2026-06,"{""bucket_scope"":""all"",""exclude_open_tail"":true,""max_no_price"":0.65,""max_provider_spread_f"":100.0,""max_yes_probability"":0.4,""min_no_edge"":0.15,""require_confidence_gate"":false}",6.0,3.1126917092687254,4.669037563903088
Dallas,KDAL,2026-06-15,highest-temperature-in-dallas-on-june-15-2026,highest-temperature-in-dallas-on-june-15-2026-84-85f,84-85°F,0.2761066234423099,0.72389337655769,3.726837158203125,True,False,False,False,True,True,0.05,1.0,1781540100,0.5,56.0,0.51,0.012495000000000001,0.522495,0.20139837655769,True,0.91389391286041,2026-06,"{""bucket_scope"":""all"",""exclude_open_tail"":true,""max_no_price"":0.65,""max_provider_spread_f"":100.0,""max_yes_probability"":0.4,""min_no_edge"":0.15,""require_confidence_gate"":false}",6.0,3.65557565144164,5.4833634771624595
Dallas,KDAL,2026-07-22,highest-temperature-in-dallas-on-july-22-2026,highest-temperature-in-dallas-on-july-22-2026-104-105f,104-105°F,0.19670113614290544,0.8032988638570946,3.1221606445313057,True,False,False,False,True,True,0.05,1.0,1784736900,0.605,54.0,0.615,0.011838750000000002,0.62683875,0.1764601138570946,True,0.5953066079593834,2026-07,"{""bucket_scope"":""all"",""exclude_open_tail"":true,""max_no_price"":0.95,""max_provider_spread_f"":100.0,""max_yes_probability"":0.3,""min_no_edge"":0.15,""require_confidence_gate"":false}",6.0,2.3812264318375336,3.5718396477563004
Dallas,KDAL,2026-07-24,highest-temperature-in-dallas-on-july-24-2026,highest-temperature-in-dallas-on-july-24-2026-96-97f,96-97°F,0.13745983672629492,0.8625401632737051,7.781297607421933,True,False,False,False,True,True,0.05,1.0,1784909700,0.65,54.0,0.66,0.01122,0.67122,0.19132016327370505,True,0.4898244986740561,2026-07,"{""bucket_scope"":""all"",""exclude_open_tail"":true,""max_no_price"":0.95,""max_provider_spread_f"":100.0,""max_yes_probability"":0.3,""min_no_edge"":0.15,""require_confidence_gate"":false}",6.0,1.9592979946962243,2.9389469920443365
Dallas,KDAL,2026-07-26,highest-temperature-in-dallas-on-july-26-2026,highest-temperature-in-dallas-on-july-26-2026-100-101f,100-101°F,0.28806306729811393,0.7119369327018861,5.7738867187500205,True,False,False,False,True,True,0.05,1.0,1785082500,0.525,53.0,0.535,0.01243875,0.5474387500000001,0.164498182701886,True,0.8266883738135085,2026-07,"{""bucket_scope"":""all"",""exclude_open_tail"":true,""max_no_price"":0.95,""max_provider_spread_f"":100.0,""max_yes_probability"":0.3,""min_no_edge"":0.15,""require_confidence_gate"":false}",6.0,3.306753495254034,4.960130242881051
Dallas,KDAL,2026-07-28,highest-temperature-in-dallas-on-july-28-2026,highest-temperature-in-dallas-on-july-28-2026-98-99f,98-99°F,0.1998089812954254,0.8001910187045747,5.918038330078204,True,False,False,False,False,True,0.05,1.0,1785255300,0.57,52.0,0.58,0.012180000000000002,0.5921799999999999,0.20801101870457472,True,-1.0,2026-07,"{""bucket_scope"":""all"",""exclude_open_tail"":true,""max_no_price"":0.95,""max_provider_spread_f"":100.0,""max_yes_probability"":0.3,""min_no_edge"":0.15,""require_confidence_gate"":false}",6.0,-4.0,-6.0
